,date_time,record_number,vehicle_class,bucket_speed_span,bucket_time_span,lowest_speed_in_time_span,first_bucket_count,record_crc,bucket_0,recorded_speeds,bucket_1,bucket_2,bucket_3,bucket_4,bucket_5,bucket_6,bucket_7,bucket_8,bucket_9,bucket_10,bucket_11,bucket_12,bucket_13,bucket_14,bucket_15,bucket_16,bucket_17,bucket_18,bucket_19,bucket_20,bucket_21,bucket_22,bucket_23,bucket_24,bucket_25,bucket_26,bucket_27,bucket_28,bucket_29
0,2022/07/04 23:54,4,3,1,1,50,1,b'\xdc\xca',1,[50],,,,,,,,,,,,,,,,,,,,,,,,,,,,,
1,2022/07/05 00:05,5,2,1,1,45,1,b'\xaa\x19',1,[45],,,,,,,,,,,,,,,,,,,,,,,,,,,,,
2,2022/07/05 00:11,6,3,1,1,45,1,b'\x8b\xc7',1,[45],,,,,,,,,,,,,,,,,,,,,,,,,,,,,
3,2022/07/05 00:16,7,3,1,1,50,1,b'\x9an',1,[50],,,,,,,,,,,,,,,,,,,,,,,,,,,,,
4,2022/07/05 00:17,8,2,1,1,41,1,b'\x81]',1,[41],,,,,,,,,,,,,,,,,,,,,,,,,,,,,
5,2022/07/05 00:19,9,3,1,1,51,1,b'\xb1\xc8',1,[51],,,,,,,,,,,,,,,,,,,,,,,,,,,,,
6,2022/07/05 00:25,10,2,1,1,40,1,b'\xc1*',1,[40],,,,,,,,,,,,,,,,,,,,,,,,,,,,,
7,2022/07/05 00:39,11,2,1,1,45,1,b'\xfe\x19',1,[45],,,,,,,,,,,,,,,,,,,,,,,,,,,,,
8,2022/07/05 00:43,12,3,1,1,50,1,b'\xcf\x8f',1,[50],,,,,,,,,,,,,,,,,,,,,,,,,,,,,
9,2022/07/05 00:44,13,3,1,1,46,1,b'\xa8\xbc',1,[46],,,,,,,,,,,,,,,,,,,,,,,,,,,,,
10,2022/07/05 00:45,14,2,1,1,42,1,b'\x9d\x0c',1,[42],,,,,,,,,,,,,,,,,,,,,,,,,,,,,
11,2022/07/05 00:48,15,2,1,1,54,1,b'^$',1,[54],,,,,,,,,,,,,,,,,,,,,,,,,,,,,
12,2022/07/05 03:09,16,2,1,1,44,1,b'\xad6',1,[44],,,,,,,,,,,,,,,,,,,,,,,,,,,,,
13,2022/07/05 03:23,17,2,1,1,46,1,b'\x8a\xa5',1,[46],,,,,,,,,,,,,,,,,,,,,,,,,,,,,
14,2022/07/05 03:29,18,2,1,1,49,1,b'\xc3\xaa',1,[49],,,,,,,,,,,,,,,,,,,,,,,,,,,,,
15,2022/07/05 03:35,19,3,1,1,37,1,b'\xe3S',1,[37],,,,,,,,,,,,,,,,,,,,,,,,,,,,,
16,2022/07/05 03:44,20,3,1,1,51,1,b'cu',1,[51],,,,,,,,,,,,,,,,,,,,,,,,,,,,,
17,2022/07/05 03:50,21,3,1,1,60,1,b'\xcbm',1,[60],,,,,,,,,,,,,,,,,,,,,,,,,,,,,
18,2022/07/05 03:52,22,3,1,1,56,1,b'\xc9\xab',1,[56],,,,,,,,,,,,,,,,,,,,,,,,,,,,,
19,2022/07/05 03:53,23,2,1,1,48,1,b'\xf9\x98',1,[48],,,,,,,,,,,,,,,,,,,,,,,,,,,,,
20,2022/07/05 03:58,24,2,1,1,50,1,b' \xd5',1,[50],,,,,,,,,,,,,,,,,,,,,,,,,,,,,
21,2022/07/05 04:04,25,2,1,1,38,1,b'\xf0\xfd',1,[38],,,,,,,,,,,,,,,,,,,,,,,,,,,,,
22,2022/07/05 04:05,26,3,1,1,56,1,b'\xcaR',1,[56],,,,,,,,,,,,,,,,,,,,,,,,,,,,,
23,2022/07/05 04:08,27,3,1,1,52,1,b'<F',1,[52],,,,,,,,,,,,,,,,,,,,,,,,,,,,,
24,2022/07/05 04:21,28,2,1,1,46,1,b'\xf5X',1,"[46, 51]",0.0,0.0,0.0,0.0,1.0,,,,,,,,,,,,,,,,,,,,,,,,
25,2022/07/05 04:29,29,3,1,1,54,1,b'\x95\xce',1,[54],,,,,,,,,,,,,,,,,,,,,,,,,,,,,
26,2022/07/05 04:33,30,2,1,1,50,1,b'\xdf{',1,[50],,,,,,,,,,,,,,,,,,,,,,,,,,,,,
27,2022/07/05 04:35,31,3,1,1,41,1,b'\x84x',1,[41],,,,,,,,,,,,,,,,,,,,,,,,,,,,,
28,2022/07/05 04:40,32,4,1,1,52,1,b'qV',1,[52],,,,,,,,,,,,,,,,,,,,,,,,,,,,,
29,2022/07/05 04:42,33,2,1,1,42,1,b'e\xfc',1,[42],,,,,,,,,,,,,,,,,,,,,,,,,,,,,
30,2022/07/05 04:44,34,2,1,1,40,1,b'-\xfb',1,[40],,,,,,,,,,,,,,,,,,,,,,,,,,,,,
31,2022/07/05 04:45,35,3,1,1,53,1,b'\xebe',1,[53],,,,,,,,,,,,,,,,,,,,,,,,,,,,,
32,2022/07/05 04:46,36,2,1,1,52,1,b'\x11\x08',1,[52],,,,,,,,,,,,,,,,,,,,,,,,,,,,,
33,2022/07/05 04:49,37,3,1,1,54,1,b'\xd1\xec',1,"[54, 58]",0.0,0.0,0.0,1.0,,,,,,,,,,,,,,,,,,,,,,,,,
34,2022/07/05 04:50,38,3,1,1,45,1,b'\\\x8c',1,[45],,,,,,,,,,,,,,,,,,,,,,,,,,,,,
35,2022/07/05 04:51,39,2,1,1,51,1,b'W7',1,[51],,,,,,,,,,,,,,,,,,,,,,,,,,,,,
36,2022/07/05 04:52,40,3,1,1,41,1,b'86',1,[41],,,,,,,,,,,,,,,,,,,,,,,,,,,,,
37,2022/07/05 04:56,41,1,1,1,45,1,b'\x807',1,[45],,,,,,,,,,,,,,,,,,,,,,,,,,,,,
38,2022/07/05 04:56,42,3,1,1,46,1,b'\x075',1,[46],,,,,,,,,,,,,,,,,,,,,,,,,,,,,
39,2022/07/05 04:57,43,2,1,1,46,1,b'\xef\xe3',1,[46],,,,,,,,,,,,,,,,,,,,,,,,,,,,,
40,2022/07/05 04:57,44,3,1,1,46,1,b'\xa9D',1,[46],,,,,,,,,,,,,,,,,,,,,,,,,,,,,
41,2022/07/05 04:58,45,3,1,1,44,1,b'\xc8%',1,[44],,,,,,,,,,,,,,,,,,,,,,,,,,,,,
42,2022/07/05 04:59,46,2,1,1,51,1,b'I\x96',1,[51],,,,,,,,,,,,,,,,,,,,,,,,,,,,,
43,2022/07/05 05:00,47,2,1,1,47,1,b'\x8b\xc1',1,[47],,,,,,,,,,,,,,,,,,,,,,,,,,,,,
44,2022/07/05 05:01,48,3,1,1,49,1,b'O=',1,[49],,,,,,,,,,,,,,,,,,,,,,,,,,,,,
45,2022/07/05 05:01,49,3,1,1,46,1,b'_\x8b',1,"[46, 55]",0.0,0.0,0.0,0.0,0.0,0.0,0.0,0.0,1.0,,,,,,,,,,,,,,,,,,,,
46,2022/07/05 05:07,50,3,1,1,44,1,b'\x8a\xa3',1,"[44, 50]",0.0,0.0,0.0,0.0,0.0,1.0,,,,,,,,,,,,,,,,,,,,,,,
47,2022/07/05 05:08,51,3,1,1,48,1,b'2\x03',1,[48],,,,,,,,,,,,,,,,,,,,,,,,,,,,,
48,2022/07/05 05:11,52,4,1,1,54,1,b'\xf4\xeb',1,[54],,,,,,,,,,,,,,,,,,,,,,,,,,,,,
49,2022/07/05 05:15,53,2,1,1,50,1,b'\xf0\xfa',1,[50],,,,,,,,,,,,,,,,,,,,,,,,,,,,,
50,2022/07/05 05:15,54,4,1,1,60,1,b'\x8e\x1c',1,[60],,,,,,,,,,,,,,,,,,,,,,,,,,,,,
51,2022/07/05 05:16,55,3,1,1,43,1,"b'j""'",1,[43],,,,,,,,,,,,,,,,,,,,,,,,,,,,,
52,2022/07/05 05:17,56,3,1,1,49,1,b'\xcf\x18',1,[49],,,,,,,,,,,,,,,,,,,,,,,,,,,,,
53,2022/07/05 05:19,57,2,1,1,52,1,b'\xa7\xfc',1,[52],,,,,,,,,,,,,,,,,,,,,,,,,,,,,
54,2022/07/05 05:19,58,3,1,1,39,1,b'?\x1f',1,[39],,,,,,,,,,,,,,,,,,,,,,,,,,,,,
55,2022/07/05 05:21,59,4,1,1,54,1,b'\xe4r',1,"[54, 64]",0.0,0.0,0.0,0.0,0.0,0.0,0.0,0.0,0.0,1.0,,,,,,,,,,,,,,,,,,,
56,2022/07/05 05:24,60,2,1,1,55,1,b'\x05\\',1,[55],,,,,,,,,,,,,,,,,,,,,,,,,,,,,
57,2022/07/05 05:24,61,3,1,1,37,1,b'\x8d\xcb',1,"[37, 56]",0.0,0.0,0.0,0.0,0.0,0.0,0.0,0.0,0.0,0.0,0.0,0.0,0.0,0.0,0.0,0.0,0.0,0.0,1.0,,,,,,,,,,
58,2022/07/05 05:25,62,4,1,1,51,1,b'8\xa5',1,[51],,,,,,,,,,,,,,,,,,,,,,,,,,,,,
59,2022/07/05 05:27,63,3,1,1,41,1,b'dI',1,"[41, 48]",0.0,0.0,0.0,0.0,0.0,0.0,1.0,,,,,,,,,,,,,,,,,,,,,,
60,2022/07/05 05:29,64,3,1,1,49,1,b'\xaft',1,[49],,,,,,,,,,,,,,,,,,,,,,,,,,,,,
61,2022/07/05 05:30,65,3,1,1,41,1,b'\xc1\n',1,[41],,,,,,,,,,,,,,,,,,,,,,,,,,,,,
62,2022/07/05 05:32,66,2,1,1,57,1,b'<\x95',1,[57],,,,,,,,,,,,,,,,,,,,,,,,,,,,,
63,2022/07/05 05:32,67,4,1,1,59,1,b'G\xf0',1,[59],,,,,,,,,,,,,,,,,,,,,,,,,,,,,
64,2022/07/05 05:33,68,1,1,1,44,1,b'\n\xe1',1,[44],,,,,,,,,,,,,,,,,,,,,,,,,,,,,
65,2022/07/05 05:33,69,3,1,1,57,1,b'\x87\x7f',1,[57],,,,,,,,,,,,,,,,,,,,,,,,,,,,,
66,2022/07/05 05:34,70,2,1,1,56,1,b'\x80\xff',1,"[56, 57]",1.0,,,,,,,,,,,,,,,,,,,,,,,,,,,,
67,2022/07/05 05:34,71,3,1,1,42,1,b'\xdd[',1,[42],,,,,,,,,,,,,,,,,,,,,,,,,,,,,
68,2022/07/05 05:35,72,2,1,1,44,1,b'8\xaa',1,[44],,,,,,,,,,,,,,,,,,,,,,,,,,,,,
69,2022/07/05 05:37,73,3,1,1,39,1,"b""'U""",1,[39],,,,,,,,,,,,,,,,,,,,,,,,,,,,,
70,2022/07/05 05:38,74,3,1,1,52,1,b'\xbdu',1,[52],,,,,,,,,,,,,,,,,,,,,,,,,,,,,
71,2022/07/05 05:38,75,3,1,1,61,1,b'\x1e\x88',1,[61],,,,,,,,,,,,,,,,,,,,,,,,,,,,,
72,2022/07/05 05:39,76,3,1,1,54,1,b'\xb5\xb7',1,[54],,,,,,,,,,,,,,,,,,,,,,,,,,,,,
73,2022/07/05 05:39,77,4,1,1,54,1,b'\xbd\xfe',1,[54],,,,,,,,,,,,,,,,,,,,,,,,,,,,,
74,2022/07/05 05:42,78,3,1,1,53,1,b'\x9b\x8b',1,[53],,,,,,,,,,,,,,,,,,,,,,,,,,,,,
75,2022/07/05 05:43,79,2,1,1,56,1,b'\xfc\xd6',1,[56],,,,,,,,,,,,,,,,,,,,,,,,,,,,,
76,2022/07/05 05:43,80,3,1,1,35,1,b'B\x83',1,[35],,,,,,,,,,,,,,,,,,,,,,,,,,,,,
77,2022/07/05 05:45,81,3,1,1,55,1,b'\x00\x18',1,[55],,,,,,,,,,,,,,,,,,,,,,,,,,,,,
78,2022/07/05 05:46,82,4,1,1,62,1,b']j',1,[62],,,,,,,,,,,,,,,,,,,,,,,,,,,,,
79,2022/07/05 05:47,83,2,1,1,48,1,b'\xef\xd5',1,[48],,,,,,,,,,,,,,,,,,,,,,,,,,,,,
80,2022/07/05 05:47,84,3,1,1,45,1,b'\x87:',1,[45],,,,,,,,,,,,,,,,,,,,,,,,,,,,,
81,2022/07/05 05:48,85,3,1,1,53,1,b'R\xfb',1,[53],,,,,,,,,,,,,,,,,,,,,,,,,,,,,
82,2022/07/05 05:48,86,4,1,1,57,1,b'_1',1,[57],,,,,,,,,,,,,,,,,,,,,,,,,,,,,
83,2022/07/05 05:49,87,2,1,1,77,1,b'\x06\x08',1,[77],,,,,,,,,,,,,,,,,,,,,,,,,,,,,
84,2022/07/05 05:49,88,2,1,1,42,1,b'\x94\xae',1,[42],,,,,,,,,,,,,,,,,,,,,,,,,,,,,
85,2022/07/05 05:49,89,3,1,1,52,1,b'\xb2\xd2',1,[52],,,,,,,,,,,,,,,,,,,,,,,,,,,,,
86,2022/07/05 05:50,90,2,1,1,38,1,b'\x96\xfb',1,[38],,,,,,,,,,,,,,,,,,,,,,,,,,,,,
87,2022/07/05 05:52,91,2,1,1,55,1,b'S\x84',1,[55],,,,,,,,,,,,,,,,,,,,,,,,,,,,,
88,2022/07/05 05:53,92,3,1,1,55,1,b'8\xe4',1,[55],,,,,,,,,,,,,,,,,,,,,,,,,,,,,
89,2022/07/05 05:53,93,3,1,1,47,1,b'\x1d\xbe',1,"[47, 52, 54]",0.0,0.0,0.0,0.0,1.0,0.0,1.0,,,,,,,,,,,,,,,,,,,,,,
90,2022/07/05 05:54,94,3,1,1,45,1,b'\xd1\xb3',1,[45],,,,,,,,,,,,,,,,,,,,,,,,,,,,,
91,2022/07/05 05:56,95,3,1,1,39,1,b'ZV',1,"[39, 47, 48]",0.0,0.0,0.0,0.0,0.0,0.0,0.0,1.0,1.0,,,,,,,,,,,,,,,,,,,,
92,2022/07/05 05:57,96,2,1,1,57,1,b'\xaf\x07',1,[57],,,,,,,,,,,,,,,,,,,,,,,,,,,,,
93,2022/07/05 05:57,97,3,1,1,48,1,b'\xc7\x15',1,"[48, 53]",0.0,0.0,0.0,0.0,1.0,,,,,,,,,,,,,,,,,,,,,,,,
94,2022/07/05 05:58,98,3,1,1,37,1,b'\xbdW',1,"[37, 51, 51]",0.0,0.0,0.0,0.0,0.0,0.0,0.0,0.0,0.0,0.0,0.0,0.0,0.0,2.0,,,,,,,,,,,,,,,
95,2022/07/05 05:59,99,3,1,1,54,1,b'X+',1,[54],,,,,,,,,,,,,,,,,,,,,,,,,,,,,
96,2022/07/05 05:59,100,4,1,1,59,1,b'\\_',1,[59],,,,,,,,,,,,,,,,,,,,,,,,,,,,,
97,2022/07/05 06:01,101,3,1,1,62,1,b'\xf7\xe0',1,[62],,,,,,,,,,,,,,,,,,,,,,,,,,,,,
98,2022/07/05 06:02,102,2,1,1,48,1,b'\x17\xec',1,"[48, 50]",0.0,1.0,,,,,,,,,,,,,,,,,,,,,,,,,,,
99,2022/07/05 06:02,103,3,1,1,45,1,b'\xad\xc4',1,[45],,,,,,,,,,,,,,,,,,,,,,,,,,,,,
100,2022/07/05 06:04,104,2,1,1,46,1,b'\t\xb5',1,"[46, 55]",0.0,0.0,0.0,0.0,0.0,0.0,0.0,0.0,1.0,,,,,,,,,,,,,,,,,,,,
101,2022/07/05 06:05,105,3,1,1,41,1,b'43',1,[41],,,,,,,,,,,,,,,,,,,,,,,,,,,,,
102,2022/07/05 06:06,106,3,1,1,45,1,b'\xfe\r',1,[45],,,,,,,,,,,,,,,,,,,,,,,,,,,,,
103,2022/07/05 06:07,107,3,1,1,54,1,b'wG',1,[54],,,,,,,,,,,,,,,,,,,,,,,,,,,,,
104,2022/07/05 06:07,108,3,1,1,57,1,b'\x1d\xcd',1,[57],,,,,,,,,,,,,,,,,,,,,,,,,,,,,
105,2022/07/05 06:08,109,3,1,1,51,1,b'[\x83',1,[51],,,,,,,,,,,,,,,,,,,,,,,,,,,,,
106,2022/07/05 06:09,110,2,1,1,59,1,b'\x8a.',1,[59],,,,,,,,,,,,,,,,,,,,,,,,,,,,,
107,2022/07/05 06:09,111,3,1,1,43,1,b'>v',1,[43],,,,,,,,,,,,,,,,,,,,,,,,,,,,,
108,2022/07/05 06:10,112,2,1,1,47,1,b'\x0f\x0e',1,[47],,,,,,,,,,,,,,,,,,,,,,,,,,,,,
109,2022/07/05 06:10,113,4,1,1,53,1,b'\xdd\xc7',1,[53],,,,,,,,,,,,,,,,,,,,,,,,,,,,,
110,2022/07/05 06:11,114,2,1,1,48,1,b'K\xac',1,[48],,,,,,,,,,,,,,,,,,,,,,,,,,,,,
111,2022/07/05 06:11,115,3,1,1,61,1,b'\x016',1,[61],,,,,,,,,,,,,,,,,,,,,,,,,,,,,
112,2022/07/05 06:14,116,3,1,1,44,1,b'\x84\x8d',1,"[44, 56]",0.0,0.0,0.0,0.0,0.0,0.0,0.0,0.0,0.0,0.0,0.0,1.0,,,,,,,,,,,,,,,,,
113,2022/07/05 06:17,117,4,1,1,54,1,b'+\x9c',1,[54],,,,,,,,,,,,,,,,,,,,,,,,,,,,,
114,2022/07/05 06:18,118,2,1,1,49,1,b'1U',1,[49],,,,,,,,,,,,,,,,,,,,,,,,,,,,,
115,2022/07/05 06:18,119,3,1,1,41,1,b'\x9a\xe3',1,"[41, 45]",0.0,0.0,0.0,1.0,,,,,,,,,,,,,,,,,,,,,,,,,
116,2022/07/05 06:19,120,2,1,1,55,1,b'\xc1?',1,[55],,,,,,,,,,,,,,,,,,,,,,,,,,,,,
117,2022/07/05 06:19,121,3,1,1,50,1,b'\x911',1,"[50, 52]",0.0,1.0,,,,,,,,,,,,,,,,,,,,,,,,,,,
118,2022/07/05 06:20,122,2,1,1,56,1,b'\xebp',1,[56],,,,,,,,,,,,,,,,,,,,,,,,,,,,,
119,2022/07/05 06:20,123,3,1,1,54,1,b'l\xcf',1,[54],,,,,,,,,,,,,,,,,,,,,,,,,,,,,
120,2022/07/05 06:21,124,3,1,1,43,1,"b',\xf2'",1,[43],,,,,,,,,,,,,,,,,,,,,,,,,,,,,
121,2022/07/05 06:23,125,2,1,1,54,1,b'\xed\xba',1,[54],,,,,,,,,,,,,,,,,,,,,,,,,,,,,
122,2022/07/05 06:23,126,3,1,1,61,1,b'\x0c\x7f',1,[61],,,,,,,,,,,,,,,,,,,,,,,,,,,,,
123,2022/07/05 06:23,127,3,1,1,56,1,b'\x9b\x15',1,[56],,,,,,,,,,,,,,,,,,,,,,,,,,,,,
124,2022/07/05 06:24,128,3,1,1,38,1,b'IT',1,[38],,,,,,,,,,,,,,,,,,,,,,,,,,,,,
125,2022/07/05 06:25,129,3,1,1,44,1,b'\nK',1,[44],,,,,,,,,,,,,,,,,,,,,,,,,,,,,
126,2022/07/05 06:26,130,3,1,1,57,1,b'\xda\xaa',1,[57],,,,,,,,,,,,,,,,,,,,,,,,,,,,,
127,2022/07/05 06:27,131,2,1,1,44,1,b'\xc4\xd1',1,[44],,,,,,,,,,,,,,,,,,,,,,,,,,,,,
128,2022/07/05 06:27,132,3,1,1,44,1,b'a\x0c',1,"[44, 50, 51]",0.0,0.0,0.0,0.0,0.0,1.0,1.0,,,,,,,,,,,,,,,,,,,,,,
129,2022/07/05 06:28,133,3,1,1,44,1,b'p\x11',1,[44],,,,,,,,,,,,,,,,,,,,,,,,,,,,,
130,2022/07/05 06:31,134,1,1,1,37,1,b'^\x19',1,[37],,,,,,,,,,,,,,,,,,,,,,,,,,,,,
131,2022/07/05 06:31,135,2,1,1,46,1,b'\xe5u',1,[46],,,,,,,,,,,,,,,,,,,,,,,,,,,,,
132,2022/07/05 06:31,136,3,1,1,38,1,b'o\xed',1,[38],,,,,,,,,,,,,,,,,,,,,,,,,,,,,
133,2022/07/05 06:32,137,2,1,1,52,1,b'\xf8\x98',1,[52],,,,,,,,,,,,,,,,,,,,,,,,,,,,,
134,2022/07/05 06:32,138,4,1,1,59,1,b'\xed\xe8',1,[59],,,,,,,,,,,,,,,,,,,,,,,,,,,,,
135,2022/07/05 06:33,139,4,1,1,58,1,b'\xbb7',1,[58],,,,,,,,,,,,,,,,,,,,,,,,,,,,,
136,2022/07/05 06:34,140,2,1,1,52,1,b'\xa0/',1,[52],,,,,,,,,,,,,,,,,,,,,,,,,,,,,
137,2022/07/05 06:34,141,2,1,1,41,1,b'Nc',1,[41],,,,,,,,,,,,,,,,,,,,,,,,,,,,,
138,2022/07/05 06:34,142,3,1,1,41,1,b'\xbaf',1,[41],,,,,,,,,,,,,,,,,,,,,,,,,,,,,
139,2022/07/05 06:35,143,1,1,1,46,1,b'\x1dO',1,[46],,,,,,,,,,,,,,,,,,,,,,,,,,,,,
140,2022/07/05 06:35,144,2,1,1,49,1,b'$\xd5',1,[49],,,,,,,,,,,,,,,,,,,,,,,,,,,,,
141,2022/07/05 06:35,145,2,1,1,44,1,b'\x92I',1,"[44, 45]",1.0,,,,,,,,,,,,,,,,,,,,,,,,,,,,
142,2022/07/05 06:35,146,3,1,1,43,1,b'\x1f\xcb',1,[43],,,,,,,,,,,,,,,,,,,,,,,,,,,,,
143,2022/07/05 06:36,147,2,1,1,48,1,b'\x8c0',1,[48],,,,,,,,,,,,,,,,,,,,,,,,,,,,,
144,2022/07/05 06:36,148,3,1,1,47,1,b'Bl',1,[47],,,,,,,,,,,,,,,,,,,,,,,,,,,,,
145,2022/07/05 06:37,149,1,1,1,47,1,b'\xc4\x12',1,[47],,,,,,,,,,,,,,,,,,,,,,,,,,,,,
146,2022/07/05 06:37,150,3,1,1,42,1,b'\x9f\xc6',1,"[42, 46]",0.0,0.0,0.0,1.0,,,,,,,,,,,,,,,,,,,,,,,,,
147,2022/07/05 06:38,151,2,1,1,50,1,b'b\xba',1,[50],,,,,,,,,,,,,,,,,,,,,,,,,,,,,
148,2022/07/05 06:38,152,4,1,1,54,1,b'\xc4r',1,[54],,,,,,,,,,,,,,,,,,,,,,,,,,,,,
149,2022/07/05 06:39,153,2,1,1,48,1,b'~\xa2',1,[48],,,,,,,,,,,,,,,,,,,,,,,,,,,,,
150,2022/07/05 06:39,154,4,1,1,58,1,b'<\xbc',1,[58],,,,,,,,,,,,,,,,,,,,,,,,,,,,,
151,2022/07/05 06:40,155,3,1,1,51,1,b'\x7f\x9a',1,[51],,,,,,,,,,,,,,,,,,,,,,,,,,,,,
152,2022/07/05 06:41,156,2,1,1,52,1,"b""\xe5'""",1,[52],,,,,,,,,,,,,,,,,,,,,,,,,,,,,
153,2022/07/05 06:41,157,3,1,1,53,1,b'K\xa0',1,[53],,,,,,,,,,,,,,,,,,,,,,,,,,,,,
154,2022/07/05 06:42,158,3,1,1,41,1,b'&{',1,"[41, 45]",0.0,0.0,0.0,1.0,,,,,,,,,,,,,,,,,,,,,,,,,
155,2022/07/05 06:43,159,3,1,1,51,1,b'\x1ad',1,[51],,,,,,,,,,,,,,,,,,,,,,,,,,,,,
156,2022/07/05 06:44,160,2,1,1,55,1,b'\x1f\xe2',1,[55],,,,,,,,,,,,,,,,,,,,,,,,,,,,,
157,2022/07/05 06:44,161,3,1,1,40,1,b'R\x08',1,[40],,,,,,,,,,,,,,,,,,,,,,,,,,,,,
158,2022/07/05 06:45,162,1,1,1,37,1,b'j\xe9',1,[37],,,,,,,,,,,,,,,,,,,,,,,,,,,,,
159,2022/07/05 06:45,163,3,1,1,51,1,b't%',1,"[51, 53]",0.0,1.0,,,,,,,,,,,,,,,,,,,,,,,,,,,
160,2022/07/05 06:46,164,1,1,1,41,1,b'\n\x94',1,[41],,,,,,,,,,,,,,,,,,,,,,,,,,,,,
161,2022/07/05 06:46,165,3,1,1,50,1,b'\xc5\xa4',1,[50],,,,,,,,,,,,,,,,,,,,,,,,,,,,,
162,2022/07/05 06:47,166,1,1,1,44,1,b'\x91\xa3',1,[44],,,,,,,,,,,,,,,,,,,,,,,,,,,,,
163,2022/07/05 06:48,167,1,1,1,47,1,b'\xf0a',1,[47],,,,,,,,,,,,,,,,,,,,,,,,,,,,,
164,2022/07/05 06:49,168,3,1,1,54,1,b'#I',1,[54],,,,,,,,,,,,,,,,,,,,,,,,,,,,,
165,2022/07/05 06:50,169,3,1,1,47,1,b'\xfeV',1,"[47, 49]",0.0,1.0,,,,,,,,,,,,,,,,,,,,,,,,,,,
166,2022/07/05 06:50,170,4,1,1,60,1,b'\xa3\x90',1,[60],,,,,,,,,,,,,,,,,,,,,,,,,,,,,
167,2022/07/05 06:51,171,3,1,1,46,1,b'C\xf3',1,"[46, 50]",0.0,0.0,0.0,1.0,,,,,,,,,,,,,,,,,,,,,,,,,
168,2022/07/05 06:53,172,3,1,1,46,1,b'\xddx',1,[46],,,,,,,,,,,,,,,,,,,,,,,,,,,,,
169,2022/07/05 06:54,173,2,1,1,47,1,b't)',1,[47],,,,,,,,,,,,,,,,,,,,,,,,,,,,,
170,2022/07/05 06:55,174,1,1,1,44,1,b'\xb4\xd2',1,"[44, 45]",1.0,,,,,,,,,,,,,,,,,,,,,,,,,,,,
171,2022/07/05 06:55,175,2,1,1,48,1,b'\x84\xae',1,"[48, 50]",0.0,1.0,,,,,,,,,,,,,,,,,,,,,,,,,,,
172,2022/07/05 06:56,176,4,1,1,60,1,b'\xee\x91',1,[60],,,,,,,,,,,,,,,,,,,,,,,,,,,,,
173,2022/07/05 06:57,177,3,1,1,44,1,b'\x01\xb1',1,"[44, 48]",0.0,0.0,0.0,1.0,,,,,,,,,,,,,,,,,,,,,,,,,
174,2022/07/05 06:58,178,3,1,1,57,1,b'j\xb7',1,[57],,,,,,,,,,,,,,,,,,,,,,,,,,,,,
175,2022/07/05 06:59,179,2,1,1,43,1,b'U\x9b',1,[43],,,,,,,,,,,,,,,,,,,,,,,,,,,,,
176,2022/07/05 06:59,180,3,1,1,46,1,b'DR',1,[46],,,,,,,,,,,,,,,,,,,,,,,,,,,,,
177,2022/07/05 07:00,181,3,1,1,51,1,b'=\x19',1,[51],,,,,,,,,,,,,,,,,,,,,,,,,,,,,
178,2022/07/05 07:02,182,2,1,1,44,1,b'\xbb|',1,[44],,,,,,,,,,,,,,,,,,,,,,,,,,,,,
179,2022/07/05 07:02,183,3,1,1,52,1,b'\xd7\xc1',1,[52],,,,,,,,,,,,,,,,,,,,,,,,,,,,,
180,2022/07/05 07:03,184,3,1,1,46,1,b'\xa2q',1,[46],,,,,,,,,,,,,,,,,,,,,,,,,,,,,
181,2022/07/05 07:04,185,4,1,1,46,1,b'H\xd1',1,[46],,,,,,,,,,,,,,,,,,,,,,,,,,,,,
182,2022/07/05 07:06,186,3,1,1,43,1,b'\xc76',1,"[43, 48]",0.0,0.0,0.0,0.0,1.0,,,,,,,,,,,,,,,,,,,,,,,,
183,2022/07/05 07:07,187,3,1,1,48,1,b'U3',1,[48],,,,,,,,,,,,,,,,,,,,,,,,,,,,,
184,2022/07/05 07:09,188,2,1,1,57,1,b'u<',1,[57],,,,,,,,,,,,,,,,,,,,,,,,,,,,,
185,2022/07/05 07:10,189,3,1,1,46,1,b'7o',1,[46],,,,,,,,,,,,,,,,,,,,,,,,,,,,,
186,2022/07/05 07:10,190,2,1,1,48,1,b'\xf0\x8d',1,[48],,,,,,,,,,,,,,,,,,,,,,,,,,,,,
187,2022/07/05 07:11,191,3,1,1,45,1,b'6\x13',1,[45],,,,,,,,,,,,,,,,,,,,,,,,,,,,,
188,2022/07/05 07:13,192,2,1,1,50,1,b'+\xf9',1,"[50, 53]",0.0,0.0,1.0,,,,,,,,,,,,,,,,,,,,,,,,,,
189,2022/07/05 07:15,193,2,1,1,45,1,b'\x1a\xa3',1,[45],,,,,,,,,,,,,,,,,,,,,,,,,,,,,
190,2022/07/05 07:15,194,3,1,1,42,1,b'\x1f{',1,[42],,,,,,,,,,,,,,,,,,,,,,,,,,,,,
191,2022/07/05 07:16,195,2,1,1,48,1,b'\xb9\x96',1,[48],,,,,,,,,,,,,,,,,,,,,,,,,,,,,
192,2022/07/05 07:17,196,2,1,1,46,1,b'\xe4\x04',1,[46],,,,,,,,,,,,,,,,,,,,,,,,,,,,,
193,2022/07/05 07:17,197,3,1,1,44,1,b'\x87\xa6',1,[44],,,,,,,,,,,,,,,,,,,,,,,,,,,,,
194,2022/07/05 07:19,198,2,1,1,41,1,b'\x0e\xdc',1,[41],,,,,,,,,,,,,,,,,,,,,,,,,,,,,
195,2022/07/05 07:20,199,2,1,1,51,1,b'\xf3\xa4',1,[51],,,,,,,,,,,,,,,,,,,,,,,,,,,,,
196,2022/07/05 07:20,200,3,1,1,40,1,b'\x87\xb0',1,"[40, 53]",0.0,0.0,0.0,0.0,0.0,0.0,0.0,0.0,0.0,0.0,0.0,0.0,1.0,,,,,,,,,,,,,,,,
197,2022/07/05 07:23,201,2,1,1,50,1,b'\tQ',1,"[50, 53]",0.0,0.0,1.0,,,,,,,,,,,,,,,,,,,,,,,,,,
198,2022/07/05 07:26,202,2,1,1,44,1,b'\x18r',1,[44],,,,,,,,,,,,,,,,,,,,,,,,,,,,,
199,2022/07/05 07:26,203,3,1,1,36,1,b'\x05\x86',1,[36],,,,,,,,,,,,,,,,,,,,,,,,,,,,,
200,2022/07/05 07:28,204,2,1,1,43,1,b'\x13\x86',1,"[43, 45]",0.0,1.0,,,,,,,,,,,,,,,,,,,,,,,,,,,
201,2022/07/05 07:28,205,3,1,1,39,1,b'\x84;',1,[39],,,,,,,,,,,,,,,,,,,,,,,,,,,,,
202,2022/07/05 07:29,206,2,1,1,41,1,b'3N',1,"[41, 45, 55]",0.0,0.0,0.0,1.0,0.0,0.0,0.0,0.0,0.0,0.0,0.0,0.0,0.0,1.0,,,,,,,,,,,,,,,
203,2022/07/05 07:29,207,3,1,1,43,1,b'|\xf5',1,[43],,,,,,,,,,,,,,,,,,,,,,,,,,,,,
204,2022/07/05 07:30,208,3,1,1,44,1,b'U7',1,[44],,,,,,,,,,,,,,,,,,,,,,,,,,,,,
205,2022/07/05 07:32,209,2,1,1,43,1,b'\x19(',1,[43],,,,,,,,,,,,,,,,,,,,,,,,,,,,,
206,2022/07/05 07:33,210,3,1,1,40,1,b'\x83\xf9',1,"[40, 41]",1.0,,,,,,,,,,,,,,,,,,,,,,,,,,,,
207,2022/07/05 07:36,211,2,1,1,37,1,b'\x8f\xad',1,[37],,,,,,,,,,,,,,,,,,,,,,,,,,,,,
208,2022/07/05 07:36,212,3,1,1,43,1,b'\x8b\xa4',1,[43],,,,,,,,,,,,,,,,,,,,,,,,,,,,,
209,2022/07/05 07:37,213,4,1,1,53,1,b'\x9d\xcd',1,[53],,,,,,,,,,,,,,,,,,,,,,,,,,,,,
210,2022/07/05 07:41,214,1,1,1,47,1,b'\xefr',1,[47],,,,,,,,,,,,,,,,,,,,,,,,,,,,,
211,2022/07/05 07:41,215,2,1,1,48,1,b'\xc9%',1,[48],,,,,,,,,,,,,,,,,,,,,,,,,,,,,
212,2022/07/05 07:42,216,1,1,1,41,1,b'\xe5\x83',1,[41],,,,,,,,,,,,,,,,,,,,,,,,,,,,,
213,2022/07/05 07:42,217,4,1,1,63,1,b'\xbd\xff',1,[63],,,,,,,,,,,,,,,,,,,,,,,,,,,,,
214,2022/07/05 07:44,218,2,1,1,47,1,b'\xc8\xa6',1,"[47, 58]",0.0,0.0,0.0,0.0,0.0,0.0,0.0,0.0,0.0,0.0,1.0,,,,,,,,,,,,,,,,,,
215,2022/07/05 07:44,219,3,1,1,41,1,b'h\xe1',1,"[41, 44]",0.0,0.0,1.0,,,,,,,,,,,,,,,,,,,,,,,,,,
216,2022/07/05 07:44,220,4,1,1,44,1,b'\xbc\x1b',1,[44],,,,,,,,,,,,,,,,,,,,,,,,,,,,,
217,2022/07/05 07:45,221,2,1,1,51,1,b'\x14{',1,[51],,,,,,,,,,,,,,,,,,,,,,,,,,,,,
218,2022/07/05 07:46,222,2,1,1,47,1,b'\xa7c',1,[47],,,,,,,,,,,,,,,,,,,,,,,,,,,,,
219,2022/07/05 07:46,223,2,1,1,41,1,"b'\xfd,'",1,[41],,,,,,,,,,,,,,,,,,,,,,,,,,,,,
220,2022/07/05 07:46,224,3,1,1,37,1,"b'\x12,'",1,[37],,,,,,,,,,,,,,,,,,,,,,,,,,,,,
221,2022/07/05 07:47,225,3,1,1,47,1,b'7\xbe',1,"[47, 48]",1.0,,,,,,,,,,,,,,,,,,,,,,,,,,,,
222,2022/07/05 07:49,226,2,1,1,51,1,b'\x96\x97',1,"[51, 55]",0.0,0.0,0.0,1.0,,,,,,,,,,,,,,,,,,,,,,,,,
223,2022/07/05 07:49,227,3,1,1,38,1,b'\xe2=',1,"[38, 39, 53, 58, 59]",1.0,0.0,0.0,0.0,0.0,0.0,0.0,0.0,0.0,0.0,0.0,0.0,0.0,0.0,1.0,0.0,0.0,0.0,0.0,1.0,1.0,,,,,,,,
224,2022/07/05 07:50,228,3,1,1,59,1,b'(\xd6',1,[59],,,,,,,,,,,,,,,,,,,,,,,,,,,,,
225,2022/07/05 07:53,229,1,1,1,39,1,b'$X',1,[39],,,,,,,,,,,,,,,,,,,,,,,,,,,,,
226,2022/07/05 07:53,230,2,1,1,52,1,b'\x07\x8c',1,[52],,,,,,,,,,,,,,,,,,,,,,,,,,,,,
227,2022/07/05 07:53,231,3,1,1,38,1,b'\xc5\xed',1,[38],,,,,,,,,,,,,,,,,,,,,,,,,,,,,
228,2022/07/05 07:59,232,3,1,1,47,1,b'\xf4-',1,[47],,,,,,,,,,,,,,,,,,,,,,,,,,,,,
229,2022/07/05 08:01,233,3,1,1,48,1,b'\xfd\x93',1,[48],,,,,,,,,,,,,,,,,,,,,,,,,,,,,
230,2022/07/05 08:03,234,3,1,1,51,1,b'\xeb\xb7',1,[51],,,,,,,,,,,,,,,,,,,,,,,,,,,,,
231,2022/07/05 08:04,235,3,1,1,43,1,b'`\xf6',1,[43],,,,,,,,,,,,,,,,,,,,,,,,,,,,,
232,2022/07/05 08:06,236,3,1,1,47,1,b'5\xad',1,[47],,,,,,,,,,,,,,,,,,,,,,,,,,,,,
233,2022/07/05 08:07,237,3,1,1,51,1,b'\x9d\xb0',1,[51],,,,,,,,,,,,,,,,,,,,,,,,,,,,,
234,2022/07/05 08:07,238,3,1,1,46,1,b'B\xe8',1,[46],,,,,,,,,,,,,,,,,,,,,,,,,,,,,
235,2022/07/05 08:09,239,2,1,1,43,1,b'\xd5\xc6',1,[43],,,,,,,,,,,,,,,,,,,,,,,,,,,,,
236,2022/07/05 08:09,240,4,1,1,54,1,b'\xe9\x1f',1,[54],,,,,,,,,,,,,,,,,,,,,,,,,,,,,
237,2022/07/05 08:11,241,2,1,1,46,1,b'g\xfe',1,[46],,,,,,,,,,,,,,,,,,,,,,,,,,,,,
238,2022/07/05 08:12,242,2,1,1,45,1,b'i\xa8',1,[45],,,,,,,,,,,,,,,,,,,,,,,,,,,,,
239,2022/07/05 08:13,243,2,1,1,39,1,b'*\xb7',1,[39],,,,,,,,,,,,,,,,,,,,,,,,,,,,,
240,2022/07/05 08:15,244,3,1,1,36,1,b'[\xae',1,[36],,,,,,,,,,,,,,,,,,,,,,,,,,,,,
241,2022/07/05 08:17,245,3,1,1,45,1,b'i\xfd',1,[45],,,,,,,,,,,,,,,,,,,,,,,,,,,,,
242,2022/07/05 08:19,246,2,1,1,45,1,b'\x9a\xea',1,"[45, 54]",0.0,0.0,0.0,0.0,0.0,0.0,0.0,0.0,1.0,,,,,,,,,,,,,,,,,,,,
243,2022/07/05 08:20,247,2,1,1,49,1,b'\xd0\xda',1,[49],,,,,,,,,,,,,,,,,,,,,,,,,,,,,
244,2022/07/05 08:21,248,2,1,1,41,1,b'\xd3S',1,[41],,,,,,,,,,,,,,,,,,,,,,,,,,,,,
245,2022/07/05 08:23,249,2,1,1,59,1,b'\xee\xbc',1,[59],,,,,,,,,,,,,,,,,,,,,,,,,,,,,
246,2022/07/05 08:24,250,3,1,1,39,1,b'I\x87',1,"[39, 43]",0.0,0.0,0.0,1.0,,,,,,,,,,,,,,,,,,,,,,,,,
247,2022/07/05 08:25,251,3,1,1,57,1,b'\xa9\xd5',1,[57],,,,,,,,,,,,,,,,,,,,,,,,,,,,,
248,2022/07/05 08:25,252,3,1,1,45,1,b'w\\',1,[45],,,,,,,,,,,,,,,,,,,,,,,,,,,,,
249,2022/07/05 08:29,253,3,1,1,40,1,b'\xd5\x83',1,[40],,,,,,,,,,,,,,,,,,,,,,,,,,,,,
250,2022/07/05 08:32,254,3,1,1,41,1,b'0\x00',1,[41],,,,,,,,,,,,,,,,,,,,,,,,,,,,,
251,2022/07/05 08:35,255,3,1,1,43,1,b'Qa',1,[43],,,,,,,,,,,,,,,,,,,,,,,,,,,,,
252,2022/07/05 08:36,256,2,1,1,46,1,b'\xd2\x01',1,[46],,,,,,,,,,,,,,,,,,,,,,,,,,,,,
253,2022/07/05 08:39,257,2,1,1,40,1,b'_\x12',1,[40],,,,,,,,,,,,,,,,,,,,,,,,,,,,,
254,2022/07/05 08:43,258,3,1,1,52,1,b'\xc1\x89',1,[52],,,,,,,,,,,,,,,,,,,,,,,,,,,,,
255,2022/07/05 08:44,259,2,1,1,49,1,b'\xb0P',1,"[49, 55]",0.0,0.0,0.0,0.0,0.0,1.0,,,,,,,,,,,,,,,,,,,,,,,
256,2022/07/05 08:44,260,4,1,1,46,1,b'g\x84',1,[46],,,,,,,,,,,,,,,,,,,,,,,,,,,,,
257,2022/07/05 08:45,261,3,1,1,60,1,b'Ez',1,[60],,,,,,,,,,,,,,,,,,,,,,,,,,,,,
258,2022/07/05 08:48,262,1,1,1,44,1,b'\xe8l',1,[44],,,,,,,,,,,,,,,,,,,,,,,,,,,,,
259,2022/07/05 08:48,263,3,1,1,38,1,b'=\x83',1,[38],,,,,,,,,,,,,,,,,,,,,,,,,,,,,
260,2022/07/05 08:49,264,2,1,1,46,1,b'\x9a\xdc',1,[46],,,,,,,,,,,,,,,,,,,,,,,,,,,,,
261,2022/07/05 08:51,265,3,1,1,44,1,b'\x03\xe5',1,[44],,,,,,,,,,,,,,,,,,,,,,,,,,,,,
262,2022/07/05 08:52,266,2,1,1,59,1,b'E\x17',1,[59],,,,,,,,,,,,,,,,,,,,,,,,,,,,,
263,2022/07/05 08:53,267,2,1,1,51,1,b'p1',1,[51],,,,,,,,,,,,,,,,,,,,,,,,,,,,,
264,2022/07/05 08:53,268,3,1,1,42,1,b'$&',1,[42],,,,,,,,,,,,,,,,,,,,,,,,,,,,,
265,2022/07/05 08:56,269,2,1,1,44,1,b'\xa9q',1,[44],,,,,,,,,,,,,,,,,,,,,,,,,,,,,
266,2022/07/05 08:57,270,2,1,1,49,1,b'[\xee',1,[49],,,,,,,,,,,,,,,,,,,,,,,,,,,,,
267,2022/07/05 08:58,271,3,1,1,51,1,b'\xef\x10',1,[51],,,,,,,,,,,,,,,,,,,,,,,,,,,,,
268,2022/07/05 08:59,272,2,1,1,42,1,b'\n\xbb',1,[42],,,,,,,,,,,,,,,,,,,,,,,,,,,,,
269,2022/07/05 09:00,273,3,1,1,46,1,b'\xb4\xdf',1,[46],,,,,,,,,,,,,,,,,,,,,,,,,,,,,
270,2022/07/05 09:00,274,4,1,1,48,1,b'n\xef',1,[48],,,,,,,,,,,,,,,,,,,,,,,,,,,,,
271,2022/07/05 09:01,275,2,1,1,48,1,b'\x9e\xfe',1,[48],,,,,,,,,,,,,,,,,,,,,,,,,,,,,
272,2022/07/05 09:01,276,3,1,1,58,1,b'\xa6\x0f',1,[58],,,,,,,,,,,,,,,,,,,,,,,,,,,,,
273,2022/07/05 09:02,277,3,1,1,48,1,b'\xcf\x01',1,[48],,,,,,,,,,,,,,,,,,,,,,,,,,,,,
274,2022/07/05 09:06,278,3,1,1,52,1,b'\xe7\xd6',1,[52],,,,,,,,,,,,,,,,,,,,,,,,,,,,,
275,2022/07/05 09:10,279,2,1,1,50,1,b'GF',1,[50],,,,,,,,,,,,,,,,,,,,,,,,,,,,,
276,2022/07/05 09:10,280,3,1,1,52,1,b'_\xfa',1,[52],,,,,,,,,,,,,,,,,,,,,,,,,,,,,
277,2022/07/05 09:12,281,4,1,1,51,1,b'i@',1,[51],,,,,,,,,,,,,,,,,,,,,,,,,,,,,
278,2022/07/05 09:14,282,3,1,1,39,1,b'\xe77',1,[39],,,,,,,,,,,,,,,,,,,,,,,,,,,,,
279,2022/07/05 09:15,283,3,1,1,40,1,b'\xf3F',1,[40],,,,,,,,,,,,,,,,,,,,,,,,,,,,,
280,2022/07/05 09:22,284,1,1,1,47,1,b'Y\xd3',1,[47],,,,,,,,,,,,,,,,,,,,,,,,,,,,,
281,2022/07/05 09:25,285,3,1,1,49,1,b'\xe9\x1b',1,[49],,,,,,,,,,,,,,,,,,,,,,,,,,,,,
282,2022/07/05 09:26,286,3,1,1,43,1,b'\xc0H',1,[43],,,,,,,,,,,,,,,,,,,,,,,,,,,,,
283,2022/07/05 09:29,287,1,1,1,43,1,b'Y\x92',1,[43],,,,,,,,,,,,,,,,,,,,,,,,,,,,,
284,2022/07/05 09:30,288,2,1,1,41,1,b'H\xdd',1,[41],,,,,,,,,,,,,,,,,,,,,,,,,,,,,
285,2022/07/05 09:32,289,1,1,1,19,1,b'\x12\xb8',1,[19],,,,,,,,,,,,,,,,,,,,,,,,,,,,,
286,2022/07/05 09:34,290,2,1,1,23,1,b'Kc',1,[23],,,,,,,,,,,,,,,,,,,,,,,,,,,,,
287,2022/07/05 09:34,291,3,1,1,28,1,b'K8',1,[28],,,,,,,,,,,,,,,,,,,,,,,,,,,,,
288,2022/07/05 09:35,292,3,1,1,44,1,b'\x07\x8b',1,[44],,,,,,,,,,,,,,,,,,,,,,,,,,,,,
289,2022/07/05 09:38,293,2,1,1,47,1,b'\xc7G',1,[47],,,,,,,,,,,,,,,,,,,,,,,,,,,,,
290,2022/07/05 09:39,294,3,1,1,48,1,b'\x96~',1,[48],,,,,,,,,,,,,,,,,,,,,,,,,,,,,
291,2022/07/05 09:41,295,2,1,1,43,1,b'2\xb7',1,[43],,,,,,,,,,,,,,,,,,,,,,,,,,,,,
292,2022/07/05 09:42,296,2,1,1,21,1,b'\x02a',1,[21],,,,,,,,,,,,,,,,,,,,,,,,,,,,,
293,2022/07/05 09:42,297,4,1,1,58,1,b'\xa5\x00',1,[58],,,,,,,,,,,,,,,,,,,,,,,,,,,,,
294,2022/07/05 09:43,298,1,1,1,43,1,b'\x10r',1,[43],,,,,,,,,,,,,,,,,,,,,,,,,,,,,
295,2022/07/05 09:43,299,3,1,1,40,1,b'^\xc0',1,"[40, 58]",0.0,0.0,0.0,0.0,0.0,0.0,0.0,0.0,0.0,0.0,0.0,0.0,0.0,0.0,0.0,0.0,0.0,1.0,,,,,,,,,,,
296,2022/07/05 09:44,300,3,1,1,54,1,b'\xe4R',1,[54],,,,,,,,,,,,,,,,,,,,,,,,,,,,,
297,2022/07/05 09:45,301,2,1,1,52,1,b'z\xbd',1,[52],,,,,,,,,,,,,,,,,,,,,,,,,,,,,
298,2022/07/05 09:45,302,3,1,1,49,1,b'\t\\',1,[49],,,,,,,,,,,,,,,,,,,,,,,,,,,,,
299,2022/07/05 09:46,303,2,1,1,37,1,b'V\xa0',1,[37],,,,,,,,,,,,,,,,,,,,,,,,,,,,,
300,2022/07/05 09:47,304,2,1,1,46,1,b'\xb1n',1,[46],,,,,,,,,,,,,,,,,,,,,,,,,,,,,
301,2022/07/05 09:48,305,2,1,1,41,1,b'<\xde',1,[41],,,,,,,,,,,,,,,,,,,,,,,,,,,,,
302,2022/07/05 09:48,306,3,1,1,47,1,b'R\x90',1,[47],,,,,,,,,,,,,,,,,,,,,,,,,,,,,
303,2022/07/05 09:48,307,4,1,1,56,1,b'\n\xc7',1,[56],,,,,,,,,,,,,,,,,,,,,,,,,,,,,
304,2022/07/05 09:49,308,2,1,1,44,1,b'\xe4[',1,[44],,,,,,,,,,,,,,,,,,,,,,,,,,,,,
305,2022/07/05 09:49,309,3,1,1,47,1,b'\xeco',1,[47],,,,,,,,,,,,,,,,,,,,,,,,,,,,,
306,2022/07/05 09:51,310,3,1,1,54,1,b'%\xde',1,[54],,,,,,,,,,,,,,,,,,,,,,,,,,,,,
307,2022/07/05 09:52,311,3,1,1,34,1,b'\x9a\x08',1,[34],,,,,,,,,,,,,,,,,,,,,,,,,,,,,
308,2022/07/05 09:53,312,2,1,1,50,1,b'Dq',1,[50],,,,,,,,,,,,,,,,,,,,,,,,,,,,,
309,2022/07/05 09:54,313,3,1,1,47,1,b'xt',1,[47],,,,,,,,,,,,,,,,,,,,,,,,,,,,,
310,2022/07/05 09:58,314,2,1,1,39,1,b'\xab^',1,[39],,,,,,,,,,,,,,,,,,,,,,,,,,,,,
311,2022/07/05 10:05,315,2,1,1,52,1,b';\xdc',1,[52],,,,,,,,,,,,,,,,,,,,,,,,,,,,,
312,2022/07/05 10:06,316,2,1,1,44,1,b'\x06\x9e',1,[44],,,,,,,,,,,,,,,,,,,,,,,,,,,,,
313,2022/07/05 10:07,317,1,1,1,33,1,b'vl',1,"[33, 46]",0.0,0.0,0.0,0.0,0.0,0.0,0.0,0.0,0.0,0.0,0.0,0.0,1.0,,,,,,,,,,,,,,,,
314,2022/07/05 10:07,318,3,1,1,43,1,b'\xee\x85',1,[43],,,,,,,,,,,,,,,,,,,,,,,,,,,,,
315,2022/07/05 10:08,319,3,1,1,42,1,b'm\x81',1,[42],,,,,,,,,,,,,,,,,,,,,,,,,,,,,
316,2022/07/05 10:09,320,2,1,1,45,1,b'\x03A',1,"[45, 47]",0.0,1.0,,,,,,,,,,,,,,,,,,,,,,,,,,,
317,2022/07/05 10:09,321,3,1,1,48,1,b'\x83\xc3',1,[48],,,,,,,,,,,,,,,,,,,,,,,,,,,,,
318,2022/07/05 10:11,322,3,1,1,56,1,"b""\x80'""",1,[56],,,,,,,,,,,,,,,,,,,,,,,,,,,,,
319,2022/07/05 10:13,323,4,1,1,53,1,b'\x18A',1,[53],,,,,,,,,,,,,,,,,,,,,,,,,,,,,
320,2022/07/05 10:16,324,3,1,1,53,1,b'\x05\xc6',1,[53],,,,,,,,,,,,,,,,,,,,,,,,,,,,,
321,2022/07/05 10:17,325,3,1,1,41,1,b'}Q',1,[41],,,,,,,,,,,,,,,,,,,,,,,,,,,,,
322,2022/07/05 10:18,326,1,1,1,45,1,b'\xdc\xd2',1,[45],,,,,,,,,,,,,,,,,,,,,,,,,,,,,
323,2022/07/05 10:19,327,4,1,1,58,1,b'\xc2\xff',1,[58],,,,,,,,,,,,,,,,,,,,,,,,,,,,,
324,2022/07/05 10:21,328,2,1,1,39,1,b'i#',1,[39],,,,,,,,,,,,,,,,,,,,,,,,,,,,,
325,2022/07/05 10:22,329,2,1,1,45,1,b'\xd0\xa7',1,[45],,,,,,,,,,,,,,,,,,,,,,,,,,,,,
326,2022/07/05 10:23,330,2,1,1,50,1,b'T\x01',1,[50],,,,,,,,,,,,,,,,,,,,,,,,,,,,,
327,2022/07/05 10:25,331,3,1,1,55,1,b'\xc3/',1,[55],,,,,,,,,,,,,,,,,,,,,,,,,,,,,
328,2022/07/05 10:26,332,3,1,1,40,1,b'\xdf:',1,[40],,,,,,,,,,,,,,,,,,,,,,,,,,,,,
329,2022/07/05 10:27,333,3,1,1,34,1,b'b\xa3',1,"[34, 38]",0.0,0.0,0.0,1.0,,,,,,,,,,,,,,,,,,,,,,,,,
330,2022/07/05 10:28,334,3,1,1,46,1,b'k\xc1',1,[46],,,,,,,,,,,,,,,,,,,,,,,,,,,,,
331,2022/07/05 10:29,335,1,1,1,42,1,b'\x01\xcd',1,[42],,,,,,,,,,,,,,,,,,,,,,,,,,,,,
332,2022/07/05 10:30,336,3,1,1,47,1,b'5\x8b',1,[47],,,,,,,,,,,,,,,,,,,,,,,,,,,,,
333,2022/07/05 10:32,337,2,1,1,51,1,b'\xcd\x97',1,[51],,,,,,,,,,,,,,,,,,,,,,,,,,,,,
334,2022/07/05 10:32,338,3,1,1,54,1,b'n\xfc',1,[54],,,,,,,,,,,,,,,,,,,,,,,,,,,,,
335,2022/07/05 10:33,339,2,1,1,36,1,b'P\x95',1,"[36, 45]",0.0,0.0,0.0,0.0,0.0,0.0,0.0,0.0,1.0,,,,,,,,,,,,,,,,,,,,
336,2022/07/05 10:37,340,1,1,1,49,1,b'\xbf\xd2',1,[49],,,,,,,,,,,,,,,,,,,,,,,,,,,,,
337,2022/07/05 10:38,341,1,1,1,37,1,b'\xe5;',1,[37],,,,,,,,,,,,,,,,,,,,,,,,,,,,,
338,2022/07/05 10:38,342,2,1,1,36,1,b'\x11\x15',1,[36],,,,,,,,,,,,,,,,,,,,,,,,,,,,,
339,2022/07/05 10:38,343,3,1,1,53,1,b'\x1eQ',1,[53],,,,,,,,,,,,,,,,,,,,,,,,,,,,,
340,2022/07/05 10:39,344,1,1,1,40,1,b'\x0b;',1,"[40, 45]",0.0,0.0,0.0,0.0,1.0,,,,,,,,,,,,,,,,,,,,,,,,
341,2022/07/05 10:42,345,2,1,1,36,1,b'\xb9\xb7',1,[36],,,,,,,,,,,,,,,,,,,,,,,,,,,,,
342,2022/07/05 10:43,346,2,1,1,49,1,b'\x93\xcd',1,[49],,,,,,,,,,,,,,,,,,,,,,,,,,,,,
343,2022/07/05 10:43,347,3,1,1,41,1,b'\xffp',1,[41],,,,,,,,,,,,,,,,,,,,,,,,,,,,,
344,2022/07/05 10:45,348,2,1,1,43,1,b'\xd0J',1,[43],,,,,,,,,,,,,,,,,,,,,,,,,,,,,
345,2022/07/05 10:47,349,3,1,1,35,1,b'\xe7\xaf',1,[35],,,,,,,,,,,,,,,,,,,,,,,,,,,,,
346,2022/07/05 10:48,350,2,1,1,40,1,b'j\x95',1,"[40, 42]",0.0,1.0,,,,,,,,,,,,,,,,,,,,,,,,,,,
347,2022/07/05 10:48,351,3,1,1,46,2,b'\x8ds',2,"[46, 46]",,,,,,,,,,,,,,,,,,,,,,,,,,,,,
348,2022/07/05 10:49,352,2,1,1,44,1,b'e0',1,[44],,,,,,,,,,,,,,,,,,,,,,,,,,,,,
349,2022/07/05 10:49,353,3,1,1,64,1,b'\xa0\xa5',1,[64],,,,,,,,,,,,,,,,,,,,,,,,,,,,,
350,2022/07/05 10:52,354,3,1,1,49,1,b'\xb7\x81',1,[49],,,,,,,,,,,,,,,,,,,,,,,,,,,,,
351,2022/07/05 10:52,355,3,1,1,35,1,b'\xb0\x9a',1,"[35, 39, 48]",0.0,0.0,0.0,1.0,0.0,0.0,0.0,0.0,0.0,0.0,0.0,0.0,1.0,,,,,,,,,,,,,,,,
352,2022/07/05 10:53,356,2,1,1,45,1,b'Y;',1,[45],,,,,,,,,,,,,,,,,,,,,,,,,,,,,
353,2022/07/05 10:55,357,2,1,1,47,1,b'\xc5\x17',1,[47],,,,,,,,,,,,,,,,,,,,,,,,,,,,,
354,2022/07/05 10:56,358,1,1,1,48,1,b'\xfa\xc2',1,[48],,,,,,,,,,,,,,,,,,,,,,,,,,,,,
355,2022/07/05 10:56,359,2,1,1,51,1,b'I\xc1',1,[51],,,,,,,,,,,,,,,,,,,,,,,,,,,,,
356,2022/07/05 10:57,360,3,1,1,35,1,b'\x97\xb8',1,[35],,,,,,,,,,,,,,,,,,,,,,,,,,,,,
357,2022/07/05 10:58,361,3,1,1,46,1,b'\x0fk',1,[46],,,,,,,,,,,,,,,,,,,,,,,,,,,,,
358,2022/07/05 10:59,362,3,1,1,54,1,b'\xaa\x9a',1,[54],,,,,,,,,,,,,,,,,,,,,,,,,,,,,
359,2022/07/05 11:00,363,2,1,1,49,1,b'\xd9\xdb',1,[49],,,,,,,,,,,,,,,,,,,,,,,,,,,,,
360,2022/07/05 11:04,364,4,1,1,56,1,b'\x01}',1,[56],,,,,,,,,,,,,,,,,,,,,,,,,,,,,
361,2022/07/05 11:05,365,3,1,1,43,1,b'\x98\x9f',1,[43],,,,,,,,,,,,,,,,,,,,,,,,,,,,,
362,2022/07/05 11:06,366,2,1,1,53,1,b'X\xab',1,[53],,,,,,,,,,,,,,,,,,,,,,,,,,,,,
363,2022/07/05 11:06,367,3,1,1,46,1,b'\xf93',1,[46],,,,,,,,,,,,,,,,,,,,,,,,,,,,,
364,2022/07/05 11:10,368,3,1,1,37,1,b'\xcc\xf0',1,[37],,,,,,,,,,,,,,,,,,,,,,,,,,,,,
365,2022/07/05 11:11,369,2,1,1,47,1,b'\x8a\xfa',1,[47],,,,,,,,,,,,,,,,,,,,,,,,,,,,,
366,2022/07/05 11:11,370,3,1,1,46,1,b'\xd0\x7f',1,"[46, 51]",0.0,0.0,0.0,0.0,1.0,,,,,,,,,,,,,,,,,,,,,,,,
367,2022/07/05 11:12,371,2,1,1,41,1,b'\xc3L',1,[41],,,,,,,,,,,,,,,,,,,,,,,,,,,,,
368,2022/07/05 11:13,372,2,1,1,51,1,b'r\xac',1,[51],,,,,,,,,,,,,,,,,,,,,,,,,,,,,
369,2022/07/05 11:14,373,2,1,1,50,1,b'\xde\xe8',1,[50],,,,,,,,,,,,,,,,,,,,,,,,,,,,,
370,2022/07/05 11:15,374,2,1,1,55,1,b'UQ',1,[55],,,,,,,,,,,,,,,,,,,,,,,,,,,,,
371,2022/07/05 11:16,375,2,1,1,50,1,b'`\x05',1,"[50, 52]",0.0,1.0,,,,,,,,,,,,,,,,,,,,,,,,,,,
372,2022/07/05 11:17,376,2,1,1,53,1,b'\xf5 ',1,[53],,,,,,,,,,,,,,,,,,,,,,,,,,,,,
373,2022/07/05 11:18,377,2,1,1,41,1,b'\xa7\xa6',1,[41],,,,,,,,,,,,,,,,,,,,,,,,,,,,,
374,2022/07/05 11:19,378,2,1,1,56,1,b'\xb1$',1,[56],,,,,,,,,,,,,,,,,,,,,,,,,,,,,
375,2022/07/05 11:19,379,4,1,1,49,1,b'\xdf\x81',1,[49],,,,,,,,,,,,,,,,,,,,,,,,,,,,,
376,2022/07/05 11:21,380,3,1,1,38,1,b'\x1b\xc4',1,[38],,,,,,,,,,,,,,,,,,,,,,,,,,,,,
377,2022/07/05 11:22,381,2,1,1,56,1,b'\xea\xe4',1,[56],,,,,,,,,,,,,,,,,,,,,,,,,,,,,
378,2022/07/05 11:24,382,2,1,1,53,1,b'\x91.',1,[53],,,,,,,,,,,,,,,,,,,,,,,,,,,,,
379,2022/07/05 11:24,383,3,1,1,48,1,b'\xd3\xdb',1,[48],,,,,,,,,,,,,,,,,,,,,,,,,,,,,
380,2022/07/05 11:27,384,2,1,1,54,1,b'R\xe9',1,[54],,,,,,,,,,,,,,,,,,,,,,,,,,,,,
381,2022/07/05 11:28,385,2,1,1,54,1,b'\xa0\x8e',1,[54],,,,,,,,,,,,,,,,,,,,,,,,,,,,,
382,2022/07/05 11:29,386,2,1,1,46,1,b'\x05\x7f',1,[46],,,,,,,,,,,,,,,,,,,,,,,,,,,,,
383,2022/07/05 11:30,387,3,1,1,54,1,b'\xbe\x9e',1,[54],,,,,,,,,,,,,,,,,,,,,,,,,,,,,
384,2022/07/05 11:32,388,2,1,1,48,1,b'\xca+',1,[48],,,,,,,,,,,,,,,,,,,,,,,,,,,,,
385,2022/07/05 11:33,389,3,1,1,34,1,b'\xf5\x07',1,[34],,,,,,,,,,,,,,,,,,,,,,,,,,,,,
386,2022/07/05 11:38,390,2,1,1,45,1,b'\xca\xd3',1,[45],,,,,,,,,,,,,,,,,,,,,,,,,,,,,
387,2022/07/05 11:39,391,2,1,1,47,1,b'Q)',1,[47],,,,,,,,,,,,,,,,,,,,,,,,,,,,,
388,2022/07/05 11:39,392,3,1,1,42,1,b'T:',1,[42],,,,,,,,,,,,,,,,,,,,,,,,,,,,,
389,2022/07/05 11:40,393,2,1,1,49,1,b'\r\xbe',1,[49],,,,,,,,,,,,,,,,,,,,,,,,,,,,,
390,2022/07/05 11:41,394,2,1,1,53,1,b'=\x1b',1,[53],,,,,,,,,,,,,,,,,,,,,,,,,,,,,
391,2022/07/05 11:42,395,1,1,1,37,1,b'\xe5(',1,[37],,,,,,,,,,,,,,,,,,,,,,,,,,,,,
392,2022/07/05 11:42,396,3,1,1,47,1,b'c\xfb',1,[47],,,,,,,,,,,,,,,,,,,,,,,,,,,,,
393,2022/07/05 11:49,397,2,1,1,52,1,b'\x9b5',1,[52],,,,,,,,,,,,,,,,,,,,,,,,,,,,,
394,2022/07/05 11:50,398,3,1,1,52,1,b'\xb8l',1,[52],,,,,,,,,,,,,,,,,,,,,,,,,,,,,
395,2022/07/05 11:51,399,3,1,1,54,1,b'\xf3\x1c',1,[54],,,,,,,,,,,,,,,,,,,,,,,,,,,,,
396,2022/07/05 11:54,400,3,1,1,48,1,b'~f',1,[48],,,,,,,,,,,,,,,,,,,,,,,,,,,,,
397,2022/07/05 11:55,401,3,1,1,60,1,b'w\xb8',1,[60],,,,,,,,,,,,,,,,,,,,,,,,,,,,,
398,2022/07/05 11:58,402,2,1,1,44,1,b' \xf9',1,[44],,,,,,,,,,,,,,,,,,,,,,,,,,,,,
399,2022/07/05 11:59,403,2,1,1,37,1,b'\xae\xc3',1,[37],,,,,,,,,,,,,,,,,,,,,,,,,,,,,
400,2022/07/05 12:00,404,2,1,1,48,1,b'\xe3\xe7',1,"[48, 63]",0.0,0.0,0.0,0.0,0.0,0.0,0.0,0.0,0.0,0.0,0.0,0.0,0.0,0.0,1.0,,,,,,,,,,,,,,
401,2022/07/05 12:01,405,3,1,1,51,1,b'\xabJ',1,[51],,,,,,,,,,,,,,,,,,,,,,,,,,,,,
402,2022/07/05 12:02,406,3,1,1,53,1,b'\x17M',1,[53],,,,,,,,,,,,,,,,,,,,,,,,,,,,,
403,2022/07/05 12:03,407,2,1,1,43,1,b'\x1c\xf6',1,[43],,,,,,,,,,,,,,,,,,,,,,,,,,,,,
404,2022/07/05 12:04,408,2,1,1,43,1,b'y\xfd',1,[43],,,,,,,,,,,,,,,,,,,,,,,,,,,,,
405,2022/07/05 12:07,409,2,1,1,48,1,b'\xda\xa6',1,[48],,,,,,,,,,,,,,,,,,,,,,,,,,,,,
406,2022/07/05 12:08,410,2,1,1,49,1,b'h\xb6',1,[49],,,,,,,,,,,,,,,,,,,,,,,,,,,,,
407,2022/07/05 12:09,411,2,1,1,41,1,b'\xfcS',1,[41],,,,,,,,,,,,,,,,,,,,,,,,,,,,,
408,2022/07/05 12:09,412,3,1,1,56,1,b'\xa0+',1,[56],,,,,,,,,,,,,,,,,,,,,,,,,,,,,
409,2022/07/05 12:10,413,2,1,1,46,1,"b'\xa4""'",1,"[46, 47]",1.0,,,,,,,,,,,,,,,,,,,,,,,,,,,,
410,2022/07/05 12:10,414,3,1,1,57,1,b'\xfd\x7f',1,[57],,,,,,,,,,,,,,,,,,,,,,,,,,,,,
411,2022/07/05 12:11,415,2,1,1,53,1,b'\xf1\xb4',1,[53],,,,,,,,,,,,,,,,,,,,,,,,,,,,,
412,2022/07/05 12:11,416,3,1,1,44,1,b'8\x93',1,[44],,,,,,,,,,,,,,,,,,,,,,,,,,,,,
413,2022/07/05 12:12,417,3,1,1,54,1,b'\xc5\xeb',1,[54],,,,,,,,,,,,,,,,,,,,,,,,,,,,,
414,2022/07/05 12:13,418,2,1,1,43,1,b'Zh',1,"[43, 48]",0.0,0.0,0.0,0.0,1.0,,,,,,,,,,,,,,,,,,,,,,,,
415,2022/07/05 12:16,419,2,1,1,46,1,b'3s',1,[46],,,,,,,,,,,,,,,,,,,,,,,,,,,,,
416,2022/07/05 12:16,420,2,1,1,46,1,b'\xa0K',1,[46],,,,,,,,,,,,,,,,,,,,,,,,,,,,,
417,2022/07/05 12:17,421,2,1,1,48,1,b'E\x16',1,"[48, 54]",0.0,0.0,0.0,0.0,0.0,1.0,,,,,,,,,,,,,,,,,,,,,,,
418,2022/07/05 12:17,422,3,1,1,41,1,b'\x98\xda',1,[41],,,,,,,,,,,,,,,,,,,,,,,,,,,,,
419,2022/07/05 12:18,423,2,1,1,43,1,b'\xfc\xae',1,[43],,,,,,,,,,,,,,,,,,,,,,,,,,,,,
420,2022/07/05 12:18,424,3,1,1,56,1,b'\xc25',1,[56],,,,,,,,,,,,,,,,,,,,,,,,,,,,,
421,2022/07/05 12:20,425,3,1,1,39,1,b'E\xe4',1,[39],,,,,,,,,,,,,,,,,,,,,,,,,,,,,
422,2022/07/05 12:24,426,3,1,1,50,1,b'\xbd\x93',1,[50],,,,,,,,,,,,,,,,,,,,,,,,,,,,,
423,2022/07/05 12:25,427,2,1,1,48,1,b'#|',1,[48],,,,,,,,,,,,,,,,,,,,,,,,,,,,,
424,2022/07/05 12:25,428,4,1,1,53,1,b'*r',1,[53],,,,,,,,,,,,,,,,,,,,,,,,,,,,,
425,2022/07/05 12:27,429,1,1,1,26,1,b'\x19 ',1,[26],,,,,,,,,,,,,,,,,,,,,,,,,,,,,
426,2022/07/05 12:28,430,2,1,1,50,1,b'?\x91',1,[50],,,,,,,,,,,,,,,,,,,,,,,,,,,,,
427,2022/07/05 12:29,431,1,1,1,50,1,b'\xbc\xfa',1,[50],,,,,,,,,,,,,,,,,,,,,,,,,,,,,
428,2022/07/05 12:29,432,4,1,1,50,1,b'\xc0\xc3',1,[50],,,,,,,,,,,,,,,,,,,,,,,,,,,,,
429,2022/07/05 12:30,433,2,1,1,45,1,b'\x928',1,[45],,,,,,,,,,,,,,,,,,,,,,,,,,,,,
430,2022/07/05 12:30,434,3,1,1,43,1,"b',\xfc'",1,[43],,,,,,,,,,,,,,,,,,,,,,,,,,,,,
431,2022/07/05 12:31,435,2,1,1,53,1,"b""'G""",1,[53],,,,,,,,,,,,,,,,,,,,,,,,,,,,,
432,2022/07/05 12:32,436,3,1,1,37,1,b'\xbc\x17',1,"[37, 40]",0.0,0.0,1.0,,,,,,,,,,,,,,,,,,,,,,,,,,
433,2022/07/05 12:33,437,2,1,1,54,1,b'\xc1\x8d',1,[54],,,,,,,,,,,,,,,,,,,,,,,,,,,,,
434,2022/07/05 12:36,438,2,1,1,55,1,b'Cy',1,[55],,,,,,,,,,,,,,,,,,,,,,,,,,,,,
435,2022/07/05 12:37,439,3,1,1,59,1,b'O\xb2',1,[59],,,,,,,,,,,,,,,,,,,,,,,,,,,,,
436,2022/07/05 12:37,440,3,1,1,54,1,b'\x97Q',1,[54],,,,,,,,,,,,,,,,,,,,,,,,,,,,,
437,2022/07/05 12:38,441,2,1,1,45,1,b'\x8b\xc0',1,"[45, 56]",0.0,0.0,0.0,0.0,0.0,0.0,0.0,0.0,0.0,0.0,1.0,,,,,,,,,,,,,,,,,,
438,2022/07/05 12:39,442,2,1,1,45,1,b'\xed\xc8',1,[45],,,,,,,,,,,,,,,,,,,,,,,,,,,,,
439,2022/07/05 12:43,443,3,1,1,54,1,b'c\x10',1,[54],,,,,,,,,,,,,,,,,,,,,,,,,,,,,
440,2022/07/05 12:44,444,2,1,1,53,1,b'\n{',1,[53],,,,,,,,,,,,,,,,,,,,,,,,,,,,,
441,2022/07/05 12:45,445,2,1,1,47,1,b'\xe8\xa7',1,[47],,,,,,,,,,,,,,,,,,,,,,,,,,,,,
442,2022/07/05 12:45,446,3,1,1,48,1,b'D\xd3',1,[48],,,,,,,,,,,,,,,,,,,,,,,,,,,,,
443,2022/07/05 12:45,447,3,1,1,38,1,b'\xbf_',1,[38],,,,,,,,,,,,,,,,,,,,,,,,,,,,,
444,2022/07/05 12:47,448,2,1,1,48,1,b'w\xc7',1,[48],,,,,,,,,,,,,,,,,,,,,,,,,,,,,
445,2022/07/05 12:47,449,3,1,1,49,1,b'\t\xca',1,[49],,,,,,,,,,,,,,,,,,,,,,,,,,,,,
446,2022/07/05 12:48,450,3,1,1,48,1,b'/%',1,[48],,,,,,,,,,,,,,,,,,,,,,,,,,,,,
447,2022/07/05 12:49,451,2,1,1,52,1,b'\xfb\x0b',1,[52],,,,,,,,,,,,,,,,,,,,,,,,,,,,,
448,2022/07/05 12:49,452,3,1,1,43,1,b'\xe5\xdd',1,[43],,,,,,,,,,,,,,,,,,,,,,,,,,,,,
449,2022/07/05 12:49,453,4,1,1,48,1,b'Y\x97',1,[48],,,,,,,,,,,,,,,,,,,,,,,,,,,,,
450,2022/07/05 12:51,454,3,1,1,64,1,b'\x0f\x81',1,[64],,,,,,,,,,,,,,,,,,,,,,,,,,,,,
451,2022/07/05 12:53,455,2,1,1,51,1,b']K',1,[51],,,,,,,,,,,,,,,,,,,,,,,,,,,,,
452,2022/07/05 12:53,456,3,1,1,46,1,b'$U',1,"[46, 49]",0.0,0.0,1.0,,,,,,,,,,,,,,,,,,,,,,,,,,
453,2022/07/05 12:54,457,1,1,1,46,1,b'\x8d\x11',1,[46],,,,,,,,,,,,,,,,,,,,,,,,,,,,,
454,2022/07/05 12:56,458,1,1,1,47,1,b'\xc2L',1,[47],,,,,,,,,,,,,,,,,,,,,,,,,,,,,
455,2022/07/05 12:57,459,2,1,1,49,1,b'\xc9a',1,"[49, 56]",0.0,0.0,0.0,0.0,0.0,0.0,1.0,,,,,,,,,,,,,,,,,,,,,,
456,2022/07/05 12:59,460,2,1,1,47,1,b'\xf8\x0e',1,[47],,,,,,,,,,,,,,,,,,,,,,,,,,,,,
457,2022/07/05 13:02,461,1,1,1,55,1,b'B\x18',1,[55],,,,,,,,,,,,,,,,,,,,,,,,,,,,,
458,2022/07/05 13:04,462,2,1,1,40,1,b'J\xff',1,[40],,,,,,,,,,,,,,,,,,,,,,,,,,,,,
459,2022/07/05 13:05,463,2,1,1,53,1,b'\x89t',1,[53],,,,,,,,,,,,,,,,,,,,,,,,,,,,,
460,2022/07/05 13:06,464,2,1,1,48,1,b'\xd6\x8f',1,[48],,,,,,,,,,,,,,,,,,,,,,,,,,,,,
461,2022/07/05 13:06,465,3,1,1,52,1,b'/f',1,[52],,,,,,,,,,,,,,,,,,,,,,,,,,,,,
462,2022/07/05 13:07,466,2,1,1,47,1,b'\x85\xf3',1,"[47, 50]",0.0,0.0,1.0,,,,,,,,,,,,,,,,,,,,,,,,,,
463,2022/07/05 13:07,467,3,1,1,59,1,b'\xca\x07',1,[59],,,,,,,,,,,,,,,,,,,,,,,,,,,,,
464,2022/07/05 13:07,468,3,1,1,42,1,b'C\xe0',1,[42],,,,,,,,,,,,,,,,,,,,,,,,,,,,,
465,2022/07/05 13:08,469,2,1,1,49,1,b'\xca\xee',1,[49],,,,,,,,,,,,,,,,,,,,,,,,,,,,,
466,2022/07/05 13:09,470,2,1,1,53,1,b'\xfaK',1,[53],,,,,,,,,,,,,,,,,,,,,,,,,,,,,
467,2022/07/05 13:10,471,1,1,1,51,1,b'\x19\xf0',1,[51],,,,,,,,,,,,,,,,,,,,,,,,,,,,,
468,2022/07/05 13:13,472,3,1,1,34,1,b'\r\x99',1,[34],,,,,,,,,,,,,,,,,,,,,,,,,,,,,
469,2022/07/05 13:14,473,2,1,1,49,1,b's2',1,[49],,,,,,,,,,,,,,,,,,,,,,,,,,,,,
470,2022/07/05 13:17,474,2,1,1,33,1,b'O\x02',1,[33],,,,,,,,,,,,,,,,,,,,,,,,,,,,,
471,2022/07/05 13:20,475,3,1,1,39,1,b'\x08*',1,[39],,,,,,,,,,,,,,,,,,,,,,,,,,,,,
472,2022/07/05 13:21,476,1,1,1,46,1,b'n\x1b',1,[46],,,,,,,,,,,,,,,,,,,,,,,,,,,,,
473,2022/07/05 13:21,477,2,1,1,43,1,b'*H',1,"[43, 48]",0.0,0.0,0.0,0.0,1.0,,,,,,,,,,,,,,,,,,,,,,,,
474,2022/07/05 13:24,478,3,1,1,45,1,b'+\x9a',1,[45],,,,,,,,,,,,,,,,,,,,,,,,,,,,,
475,2022/07/05 13:26,479,2,1,1,39,1,b'jF',1,[39],,,,,,,,,,,,,,,,,,,,,,,,,,,,,
476,2022/07/05 13:26,480,3,1,1,61,1,b'\xbe\xce',1,[61],,,,,,,,,,,,,,,,,,,,,,,,,,,,,
477,2022/07/05 13:26,481,3,1,1,46,1,b'O:',1,"[46, 47]",1.0,,,,,,,,,,,,,,,,,,,,,,,,,,,,
478,2022/07/05 13:27,482,2,1,1,41,1,b'\xea\xb9',1,[41],,,,,,,,,,,,,,,,,,,,,,,,,,,,,
479,2022/07/05 13:29,483,2,1,1,51,1,b'\xea\x8c',1,[51],,,,,,,,,,,,,,,,,,,,,,,,,,,,,
480,2022/07/05 13:35,484,2,1,1,37,1,b'\xeae',1,[37],,,,,,,,,,,,,,,,,,,,,,,,,,,,,
481,2022/07/05 13:36,485,2,1,1,50,1,b'\x98\x96',1,[50],,,,,,,,,,,,,,,,,,,,,,,,,,,,,
482,2022/07/05 13:37,486,2,1,1,40,1,b'\x9b\xd4',1,[40],,,,,,,,,,,,,,,,,,,,,,,,,,,,,
483,2022/07/05 13:38,487,2,1,1,51,1,b']V',1,"[51, 56]",0.0,0.0,0.0,0.0,1.0,,,,,,,,,,,,,,,,,,,,,,,,
484,2022/07/05 13:38,488,3,1,1,55,1,b'V\n',1,[55],,,,,,,,,,,,,,,,,,,,,,,,,,,,,
485,2022/07/05 13:39,489,2,1,1,43,1,b'\xfb\x02',1,[43],,,,,,,,,,,,,,,,,,,,,,,,,,,,,
486,2022/07/05 13:41,490,3,1,1,47,1,b'6\xae',1,[47],,,,,,,,,,,,,,,,,,,,,,,,,,,,,
487,2022/07/05 13:41,491,2,1,1,44,1,b'\xee\x10',1,[44],,,,,,,,,,,,,,,,,,,,,,,,,,,,,
488,2022/07/05 13:43,492,2,1,1,55,1,b'3\xb0',1,[55],,,,,,,,,,,,,,,,,,,,,,,,,,,,,
489,2022/07/05 13:46,493,3,1,1,59,1,b'\xdaD',1,[59],,,,,,,,,,,,,,,,,,,,,,,,,,,,,
490,2022/07/05 13:47,494,3,1,1,50,1,b'ej',1,[50],,,,,,,,,,,,,,,,,,,,,,,,,,,,,
491,2022/07/05 13:48,495,3,1,1,51,1,b'r\x91',1,[51],,,,,,,,,,,,,,,,,,,,,,,,,,,,,
492,2022/07/05 13:49,496,2,1,1,44,1,b'\rq',1,[44],,,,,,,,,,,,,,,,,,,,,,,,,,,,,
493,2022/07/05 13:50,497,3,1,1,46,1,b'i\x05',1,[46],,,,,,,,,,,,,,,,,,,,,,,,,,,,,
494,2022/07/05 13:52,498,3,1,1,51,1,b'\xa9\xf9',1,[51],,,,,,,,,,,,,,,,,,,,,,,,,,,,,
495,2022/07/05 13:53,499,1,1,1,39,1,b'\xb2\xbc',1,[39],,,,,,,,,,,,,,,,,,,,,,,,,,,,,
496,2022/07/05 13:53,500,4,1,1,66,1,b'1\x83',1,[66],,,,,,,,,,,,,,,,,,,,,,,,,,,,,
497,2022/07/05 13:56,501,2,1,1,54,1,b'G\xfa',1,[54],,,,,,,,,,,,,,,,,,,,,,,,,,,,,
498,2022/07/05 13:59,502,2,1,1,50,1,b'\x8d\xc4',1,[50],,,,,,,,,,,,,,,,,,,,,,,,,,,,,
499,2022/07/05 13:59,503,3,1,1,54,1,b't-',1,[54],,,,,,,,,,,,,,,,,,,,,,,,,,,,,
500,2022/07/05 14:02,504,2,1,1,53,1,b'\xc8\xb1',1,[53],,,,,,,,,,,,,,,,,,,,,,,,,,,,,
501,2022/07/05 14:05,505,1,1,1,43,1,b'\xb7\x13',1,[43],,,,,,,,,,,,,,,,,,,,,,,,,,,,,
502,2022/07/05 14:05,506,2,1,1,45,1,b'bj',1,[45],,,,,,,,,,,,,,,,,,,,,,,,,,,,,
503,2022/07/05 14:06,507,2,1,1,51,1,b'\x96_',1,[51],,,,,,,,,,,,,,,,,,,,,,,,,,,,,
504,2022/07/05 14:06,508,3,1,1,51,1,b'\x00r',1,[51],,,,,,,,,,,,,,,,,,,,,,,,,,,,,
505,2022/07/05 14:07,509,2,1,1,49,1,b'\x97\xbc',1,"[49, 53]",0.0,0.0,0.0,1.0,,,,,,,,,,,,,,,,,,,,,,,,,
506,2022/07/05 14:08,510,2,1,1,44,1,b'iS',1,[44],,,,,,,,,,,,,,,,,,,,,,,,,,,,,
507,2022/07/05 14:13,511,2,1,1,43,1,b'\xb4f',1,"[43, 49]",0.0,0.0,0.0,0.0,0.0,1.0,,,,,,,,,,,,,,,,,,,,,,,
508,2022/07/05 14:15,512,2,1,1,34,1,b'\xbe\xf8',1,[34],,,,,,,,,,,,,,,,,,,,,,,,,,,,,
509,2022/07/05 14:16,513,2,1,1,48,1,b'\xc5\xe5',1,[48],,,,,,,,,,,,,,,,,,,,,,,,,,,,,
510,2022/07/05 14:17,514,3,1,1,56,1,b'\x14H',1,[56],,,,,,,,,,,,,,,,,,,,,,,,,,,,,
511,2022/07/05 14:17,515,3,1,1,38,1,b'\xe6\x02',1,"[38, 40]",0.0,1.0,,,,,,,,,,,,,,,,,,,,,,,,,,,
512,2022/07/05 14:19,516,2,1,1,48,1,b'\x1e\x87',1,"[48, 53]",0.0,0.0,0.0,0.0,1.0,,,,,,,,,,,,,,,,,,,,,,,,
513,2022/07/05 14:22,517,2,1,1,40,1,b'\xc1O',1,[40],,,,,,,,,,,,,,,,,,,,,,,,,,,,,
514,2022/07/05 14:23,518,2,1,1,46,1,b'\x7f\xe6',1,"[46, 56]",0.0,0.0,0.0,0.0,0.0,0.0,0.0,0.0,0.0,1.0,,,,,,,,,,,,,,,,,,,
515,2022/07/05 14:23,519,3,1,1,53,1,b'&K',1,[53],,,,,,,,,,,,,,,,,,,,,,,,,,,,,
516,2022/07/05 14:24,520,1,1,1,34,1,b'b\x16',1,[34],,,,,,,,,,,,,,,,,,,,,,,,,,,,,
517,2022/07/05 14:24,521,3,1,1,61,1,b'AT',1,[61],,,,,,,,,,,,,,,,,,,,,,,,,,,,,
518,2022/07/05 14:25,522,3,1,1,53,1,b'Ef',1,[53],,,,,,,,,,,,,,,,,,,,,,,,,,,,,
519,2022/07/05 14:26,523,2,1,1,50,1,b'v|',1,[50],,,,,,,,,,,,,,,,,,,,,,,,,,,,,
520,2022/07/05 14:27,524,3,1,1,52,1,b'\x87W',1,[52],,,,,,,,,,,,,,,,,,,,,,,,,,,,,
521,2022/07/05 14:28,525,3,1,1,50,1,b'\xef{',1,[50],,,,,,,,,,,,,,,,,,,,,,,,,,,,,
522,2022/07/05 14:28,526,3,1,1,54,1,b'\xf2\x19',1,[54],,,,,,,,,,,,,,,,,,,,,,,,,,,,,
523,2022/07/05 14:29,527,2,1,1,46,1,b'c\xe9',1,[46],,,,,,,,,,,,,,,,,,,,,,,,,,,,,
524,2022/07/05 14:30,528,3,1,1,54,1,b'\xc7\xc5',1,[54],,,,,,,,,,,,,,,,,,,,,,,,,,,,,
525,2022/07/05 14:31,529,4,1,1,60,1,b'L\x97',1,[60],,,,,,,,,,,,,,,,,,,,,,,,,,,,,
526,2022/07/05 14:35,530,2,1,1,47,1,b'\xb4\xb5',1,"[47, 51]",0.0,0.0,0.0,1.0,,,,,,,,,,,,,,,,,,,,,,,,,
527,2022/07/05 14:35,531,3,1,1,43,1,b'g\x98',1,[43],,,,,,,,,,,,,,,,,,,,,,,,,,,,,
528,2022/07/05 14:36,532,2,1,1,48,1,b'V\x90',1,"[48, 58]",0.0,0.0,0.0,0.0,0.0,0.0,0.0,0.0,0.0,1.0,,,,,,,,,,,,,,,,,,,
529,2022/07/05 14:36,533,3,1,1,52,1,b'^\xb6',1,[52],,,,,,,,,,,,,,,,,,,,,,,,,,,,,
530,2022/07/05 14:36,534,3,1,1,37,1,b'\xb5y',1,[37],,,,,,,,,,,,,,,,,,,,,,,,,,,,,
531,2022/07/05 14:37,535,2,1,1,52,1,b'Gp',1,[52],,,,,,,,,,,,,,,,,,,,,,,,,,,,,
532,2022/07/05 14:38,536,2,1,1,41,1,b'\xc0\x9e',1,"[41, 45]",0.0,0.0,0.0,1.0,,,,,,,,,,,,,,,,,,,,,,,,,
533,2022/07/05 14:39,537,2,1,1,60,1,b'\xf2b',1,[60],,,,,,,,,,,,,,,,,,,,,,,,,,,,,
534,2022/07/05 14:39,538,3,1,1,55,1,b'\x13\xa7',1,[55],,,,,,,,,,,,,,,,,,,,,,,,,,,,,
535,2022/07/05 14:39,539,3,1,1,50,1,b'\x84\xcd',1,[50],,,,,,,,,,,,,,,,,,,,,,,,,,,,,
536,2022/07/05 14:40,540,2,1,1,48,1,b'\x9c\xc5',1,[48],,,,,,,,,,,,,,,,,,,,,,,,,,,,,
537,2022/07/05 14:40,541,3,1,1,40,1,b'\xf0x',1,[40],,,,,,,,,,,,,,,,,,,,,,,,,,,,,
538,2022/07/05 14:41,542,2,1,1,45,1,b'~\xd4',1,[45],,,,,,,,,,,,,,,,,,,,,,,,,,,,,
539,2022/07/05 14:42,543,2,1,1,48,1,b'G\xc4',1,[48],,,,,,,,,,,,,,,,,,,,,,,,,,,,,
540,2022/07/05 14:43,544,2,1,1,45,1,b'\x9a\xc9',1,[45],,,,,,,,,,,,,,,,,,,,,,,,,,,,,
541,2022/07/05 14:43,545,3,1,1,51,1,b'\xbc\xb5',1,[51],,,,,,,,,,,,,,,,,,,,,,,,,,,,,
542,2022/07/05 14:44,546,2,1,1,46,1,b'\x84\x11',1,[46],,,,,,,,,,,,,,,,,,,,,,,,,,,,,
543,2022/07/05 14:44,547,3,1,1,51,1,b'\xbf\xc2',1,[51],,,,,,,,,,,,,,,,,,,,,,,,,,,,,
544,2022/07/05 14:45,548,2,1,1,44,1,b'\\Y',1,[44],,,,,,,,,,,,,,,,,,,,,,,,,,,,,
545,2022/07/05 14:45,549,3,1,1,55,1,b'-K',1,[55],,,,,,,,,,,,,,,,,,,,,,,,,,,,,
546,2022/07/05 14:48,550,2,1,1,42,1,b'\x15\xb5',1,"[42, 46, 51]",0.0,0.0,0.0,1.0,0.0,0.0,0.0,0.0,1.0,,,,,,,,,,,,,,,,,,,,
547,2022/07/05 14:52,551,2,1,1,46,1,b'\xffN',1,"[46, 48, 56]",0.0,1.0,0.0,0.0,0.0,0.0,0.0,0.0,0.0,1.0,,,,,,,,,,,,,,,,,,,
548,2022/07/05 14:55,552,2,1,1,39,1,b'\x9c\xb9',1,"[39, 46]",0.0,0.0,0.0,0.0,0.0,0.0,1.0,,,,,,,,,,,,,,,,,,,,,,
549,2022/07/05 14:55,553,3,1,1,31,1,b't\xc8',1,[31],,,,,,,,,,,,,,,,,,,,,,,,,,,,,
550,2022/07/05 14:56,554,2,1,1,48,1,b'\xf2y',1,"[48, 58]",0.0,0.0,0.0,0.0,0.0,0.0,0.0,0.0,0.0,1.0,,,,,,,,,,,,,,,,,,,
551,2022/07/05 14:56,555,3,1,1,50,1,b'a\xc4',1,[50],,,,,,,,,,,,,,,,,,,,,,,,,,,,,
552,2022/07/05 14:57,556,2,1,1,46,1,b'\xcc\xf4',1,"[46, 56]",0.0,0.0,0.0,0.0,0.0,0.0,0.0,0.0,0.0,1.0,,,,,,,,,,,,,,,,,,,
553,2022/07/05 14:58,557,3,1,1,47,1,b'\xa1q',1,"[47, 63]",0.0,0.0,0.0,0.0,0.0,0.0,0.0,0.0,0.0,0.0,0.0,0.0,0.0,0.0,0.0,1.0,,,,,,,,,,,,,
554,2022/07/05 14:59,558,2,1,1,43,1,b'\x81\xf1',1,"[43, 50, 54]",0.0,0.0,0.0,0.0,0.0,0.0,1.0,0.0,0.0,0.0,1.0,,,,,,,,,,,,,,,,,,
555,2022/07/05 14:59,559,3,1,1,55,1,b'\x83\xde',1,[55],,,,,,,,,,,,,,,,,,,,,,,,,,,,,
556,2022/07/05 15:00,560,3,1,1,49,1,b'\x81\xd1',1,[49],,,,,,,,,,,,,,,,,,,,,,,,,,,,,
557,2022/07/05 15:01,561,2,1,1,45,1,b'\xdd9',1,"[45, 48]",0.0,0.0,1.0,,,,,,,,,,,,,,,,,,,,,,,,,,
558,2022/07/05 15:01,562,3,1,1,55,1,b'\xd7\xc3',1,[55],,,,,,,,,,,,,,,,,,,,,,,,,,,,,
559,2022/07/05 15:02,563,2,1,1,41,1,b'\xc1\x8b',1,"[41, 49, 50]",0.0,0.0,0.0,0.0,0.0,0.0,0.0,1.0,1.0,,,,,,,,,,,,,,,,,,,,
560,2022/07/05 15:02,564,3,1,1,53,1,b'%\x9a',1,[53],,,,,,,,,,,,,,,,,,,,,,,,,,,,,
561,2022/07/05 15:03,565,1,1,1,29,1,b'(\x8e',1,[29],,,,,,,,,,,,,,,,,,,,,,,,,,,,,
562,2022/07/05 15:03,566,3,1,1,53,1,b'9I',1,[53],,,,,,,,,,,,,,,,,,,,,,,,,,,,,
563,2022/07/05 15:04,567,2,1,1,48,2,b'!\xf5',2,"[48, 48]",,,,,,,,,,,,,,,,,,,,,,,,,,,,,
564,2022/07/05 15:05,568,3,1,1,50,1,b'\x90\xd6',1,[50],,,,,,,,,,,,,,,,,,,,,,,,,,,,,
565,2022/07/05 15:06,569,2,1,1,42,1,b'g\xfb',1,"[42, 50]",0.0,0.0,0.0,0.0,0.0,0.0,0.0,1.0,,,,,,,,,,,,,,,,,,,,,
566,2022/07/05 15:07,570,1,1,1,35,1,b'p1',1,"[35, 39]",0.0,0.0,0.0,1.0,,,,,,,,,,,,,,,,,,,,,,,,,
567,2022/07/05 15:08,571,2,1,1,51,1,b'\r\xc2',1,[51],,,,,,,,,,,,,,,,,,,,,,,,,,,,,
568,2022/07/05 15:10,572,2,1,1,50,1,b'\x0f\xf7',1,[50],,,,,,,,,,,,,,,,,,,,,,,,,,,,,
569,2022/07/05 15:11,573,2,1,1,49,1,b'T\xa1',1,"[49, 54]",0.0,0.0,0.0,0.0,1.0,,,,,,,,,,,,,,,,,,,,,,,,
570,2022/07/05 15:12,574,2,1,1,48,1,b'\xa0}',1,"[48, 56]",0.0,0.0,0.0,0.0,0.0,0.0,0.0,1.0,,,,,,,,,,,,,,,,,,,,,
571,2022/07/05 15:13,575,3,1,1,54,1,b'\xf5i',1,[54],,,,,,,,,,,,,,,,,,,,,,,,,,,,,
572,2022/07/05 15:14,576,3,1,1,49,1,b'\xdfv',1,[49],,,,,,,,,,,,,,,,,,,,,,,,,,,,,
573,2022/07/05 15:15,577,1,1,1,46,1,b'\xd1\xf3',1,[46],,,,,,,,,,,,,,,,,,,,,,,,,,,,,
574,2022/07/05 15:15,578,2,1,1,45,1,b'~\xea',1,"[45, 52]",0.0,0.0,0.0,0.0,0.0,0.0,1.0,,,,,,,,,,,,,,,,,,,,,,
575,2022/07/05 15:16,579,2,1,1,48,1,b'\xd1K',1,[48],,,,,,,,,,,,,,,,,,,,,,,,,,,,,
576,2022/07/05 15:16,580,3,1,1,46,1,b'\xa4\x0b',1,[46],,,,,,,,,,,,,,,,,,,,,,,,,,,,,
577,2022/07/05 15:17,581,2,1,1,50,1,b'\t\x03',1,[50],,,,,,,,,,,,,,,,,,,,,,,,,,,,,
578,2022/07/05 15:18,582,2,1,1,52,1,b'\xb5\x04',1,[52],,,,,,,,,,,,,,,,,,,,,,,,,,,,,
579,2022/07/05 15:18,583,3,1,1,57,1,b'P\x9d',1,"[57, 66]",0.0,0.0,0.0,0.0,0.0,0.0,0.0,0.0,1.0,,,,,,,,,,,,,,,,,,,,
580,2022/07/05 15:19,584,2,1,1,52,1,b'\xdf%',1,[52],,,,,,,,,,,,,,,,,,,,,,,,,,,,,
581,2022/07/05 15:21,585,1,1,1,56,1,b'\x8a0',1,[56],,,,,,,,,,,,,,,,,,,,,,,,,,,,,
582,2022/07/05 15:21,586,2,1,1,43,1,b'\xa9\xe4',1,[43],,,,,,,,,,,,,,,,,,,,,,,,,,,,,
583,2022/07/05 15:22,587,2,1,1,52,1,b'\xe6\xcd',1,[52],,,,,,,,,,,,,,,,,,,,,,,,,,,,,
584,2022/07/05 15:23,588,2,1,1,46,1,b'W-',1,[46],,,,,,,,,,,,,,,,,,,,,,,,,,,,,
585,2022/07/05 15:24,589,1,1,1,39,1,b'bd',1,[39],,,,,,,,,,,,,,,,,,,,,,,,,,,,,
586,2022/07/05 15:24,590,2,1,1,53,2,b'\x92\x86',2,"[53, 53]",,,,,,,,,,,,,,,,,,,,,,,,,,,,,
587,2022/07/05 15:24,591,3,1,1,57,1,b'\x0b*',1,[57],,,,,,,,,,,,,,,,,,,,,,,,,,,,,
588,2022/07/05 15:26,592,3,1,1,52,1,b'qy',1,[52],,,,,,,,,,,,,,,,,,,,,,,,,,,,,
589,2022/07/05 15:27,593,2,1,1,50,1,b'?\xb2',1,"[50, 51, 52, 53]",1.0,1.0,1.0,,,,,,,,,,,,,,,,,,,,,,,,,,
590,2022/07/05 15:27,594,3,1,1,49,1,b'\xeaN',1,[49],,,,,,,,,,,,,,,,,,,,,,,,,,,,,
591,2022/07/05 15:29,595,1,1,1,50,1,b'\x93v',1,[50],,,,,,,,,,,,,,,,,,,,,,,,,,,,,
592,2022/07/05 15:29,596,2,1,1,57,1,b'\xab\xac',1,[57],,,,,,,,,,,,,,,,,,,,,,,,,,,,,
593,2022/07/05 15:29,597,3,1,1,51,1,b'\xc0a',1,[51],,,,,,,,,,,,,,,,,,,,,,,,,,,,,
594,2022/07/05 15:30,598,3,1,1,47,1,b'\xf1\xae',1,"[47, 50]",0.0,0.0,1.0,,,,,,,,,,,,,,,,,,,,,,,,,,
595,2022/07/05 15:30,599,2,1,1,49,1,b'\x85\x8f',1,[49],,,,,,,,,,,,,,,,,,,,,,,,,,,,,
596,2022/07/05 15:31,600,2,1,1,39,1,b'\x87\xc5',1,"[39, 52, 59]",0.0,0.0,0.0,0.0,0.0,0.0,0.0,0.0,0.0,0.0,0.0,0.0,1.0,0.0,0.0,0.0,0.0,0.0,0.0,1.0,,,,,,,,,
597,2022/07/05 15:32,601,2,1,1,54,1,b'\x9b\xed',1,[54],,,,,,,,,,,,,,,,,,,,,,,,,,,,,
598,2022/07/05 15:33,602,3,1,1,43,1,b'lg',1,[43],,,,,,,,,,,,,,,,,,,,,,,,,,,,,
599,2022/07/05 15:34,603,2,1,1,50,1,b'\xbc\x10',1,[50],,,,,,,,,,,,,,,,,,,,,,,,,,,,,
600,2022/07/05 15:35,604,2,1,1,57,1,b'\x17/',1,[57],,,,,,,,,,,,,,,,,,,,,,,,,,,,,
601,2022/07/05 15:36,605,2,1,1,47,1,b'\xe8\xff',1,"[47, 53]",0.0,0.0,0.0,0.0,0.0,1.0,,,,,,,,,,,,,,,,,,,,,,,
602,2022/07/05 15:36,606,3,1,1,52,1,b'NL',1,[52],,,,,,,,,,,,,,,,,,,,,,,,,,,,,
603,2022/07/05 15:37,607,2,1,1,55,1,b'\x81\xbb',1,"[55, 56]",1.0,,,,,,,,,,,,,,,,,,,,,,,,,,,,
604,2022/07/05 15:37,608,3,1,1,47,1,b'\xc9\x0e',1,[47],,,,,,,,,,,,,,,,,,,,,,,,,,,,,
605,2022/07/05 15:38,609,2,1,1,47,1,b'e\xc8',1,"[47, 48]",1.0,,,,,,,,,,,,,,,,,,,,,,,,,,,,
606,2022/07/05 15:38,610,3,1,1,53,1,b'\xf0\xd3',1,[53],,,,,,,,,,,,,,,,,,,,,,,,,,,,,
607,2022/07/05 15:39,611,2,1,1,50,1,b'\xe9\xd8',1,[50],,,,,,,,,,,,,,,,,,,,,,,,,,,,,
608,2022/07/05 15:39,612,3,1,1,39,1,b'Y\xd2',1,[39],,,,,,,,,,,,,,,,,,,,,,,,,,,,,
609,2022/07/05 15:40,613,2,1,1,51,1,b'S\t',1,"[51, 52]",1.0,,,,,,,,,,,,,,,,,,,,,,,,,,,,
610,2022/07/05 15:40,614,3,1,1,51,1,b'Y\xb5',1,"[51, 54]",0.0,0.0,1.0,,,,,,,,,,,,,,,,,,,,,,,,,,
611,2022/07/05 15:41,615,2,1,1,46,1,b'.\x9e',1,"[46, 48, 55]",0.0,1.0,0.0,0.0,0.0,0.0,0.0,0.0,1.0,,,,,,,,,,,,,,,,,,,,
612,2022/07/05 15:43,616,2,1,1,50,1,b'#R',1,[50],,,,,,,,,,,,,,,,,,,,,,,,,,,,,
613,2022/07/05 15:44,617,2,1,1,51,1,b'j)',1,[51],,,,,,,,,,,,,,,,,,,,,,,,,,,,,
614,2022/07/05 15:44,618,3,1,1,51,1,"b'\x9e,'",1,[51],,,,,,,,,,,,,,,,,,,,,,,,,,,,,
615,2022/07/05 15:45,619,2,1,1,32,1,b'\x1f\xf0',1,"[32, 61]",0.0,0.0,0.0,0.0,0.0,0.0,0.0,0.0,0.0,0.0,0.0,0.0,0.0,0.0,0.0,0.0,0.0,0.0,0.0,0.0,0.0,0.0,0.0,0.0,0.0,0.0,0.0,0.0,1.0
616,2022/07/05 15:46,620,2,1,1,51,1,b'\x89R',1,"[51, 55]",0.0,0.0,0.0,1.0,,,,,,,,,,,,,,,,,,,,,,,,,
617,2022/07/05 15:46,621,3,1,1,51,1,"b""'\x05""",1,[51],,,,,,,,,,,,,,,,,,,,,,,,,,,,,
618,2022/07/05 15:46,622,3,1,1,47,1,b'\x90O',1,"[47, 59]",0.0,0.0,0.0,0.0,0.0,0.0,0.0,0.0,0.0,0.0,0.0,1.0,,,,,,,,,,,,,,,,,
619,2022/07/05 15:47,623,2,1,1,56,1,b'+\x03',1,[56],,,,,,,,,,,,,,,,,,,,,,,,,,,,,
620,2022/07/05 15:48,624,2,1,1,47,1,b'\x18\xbd',1,[47],,,,,,,,,,,,,,,,,,,,,,,,,,,,,
621,2022/07/05 15:49,625,1,1,1,48,1,b'\xc3\xa7',1,[48],,,,,,,,,,,,,,,,,,,,,,,,,,,,,
622,2022/07/05 15:49,626,2,1,1,46,1,b'u@',1,"[46, 54]",0.0,0.0,0.0,0.0,0.0,0.0,0.0,1.0,,,,,,,,,,,,,,,,,,,,,
623,2022/07/05 15:50,627,2,1,1,48,1,b'\x9b\xcd',1,[48],,,,,,,,,,,,,,,,,,,,,,,,,,,,,
624,2022/07/05 15:50,628,3,1,1,60,1,b'9w',1,[60],,,,,,,,,,,,,,,,,,,,,,,,,,,,,
625,2022/07/05 15:51,629,2,1,1,59,1,b' |',1,[59],,,,,,,,,,,,,,,,,,,,,,,,,,,,,
626,2022/07/05 15:52,630,2,1,1,42,1,b'\x10\xe5',1,"[42, 50]",0.0,0.0,0.0,0.0,0.0,0.0,0.0,1.0,,,,,,,,,,,,,,,,,,,,,
627,2022/07/05 15:53,631,2,1,1,43,1,b'\xaf\x0f',1,[43],,,,,,,,,,,,,,,,,,,,,,,,,,,,,
628,2022/07/05 15:53,632,3,1,1,49,1,b'\xf2m',1,[49],,,,,,,,,,,,,,,,,,,,,,,,,,,,,
629,2022/07/05 15:54,633,2,1,1,50,1,b'\xfd\x8f',1,[50],,,,,,,,,,,,,,,,,,,,,,,,,,,,,
630,2022/07/05 15:54,634,3,1,1,48,1,b'\x7f\xb3',1,[48],,,,,,,,,,,,,,,,,,,,,,,,,,,,,
631,2022/07/05 15:54,635,3,1,1,54,1,b'%\xfc',1,[54],,,,,,,,,,,,,,,,,,,,,,,,,,,,,
632,2022/07/05 15:56,636,2,1,1,45,1,b'D\xb0',1,"[45, 47, 47]",0.0,2.0,,,,,,,,,,,,,,,,,,,,,,,,,,,
633,2022/07/05 15:56,637,3,1,1,50,1,b'\x9f\xe3',1,[50],,,,,,,,,,,,,,,,,,,,,,,,,,,,,
634,2022/07/05 15:57,638,3,1,1,49,1,b'\x1e\xa0',1,"[49, 52]",0.0,0.0,1.0,,,,,,,,,,,,,,,,,,,,,,,,,,
635,2022/07/05 15:58,639,3,1,1,55,1,b'\xd3\x88',1,[55],,,,,,,,,,,,,,,,,,,,,,,,,,,,,
636,2022/07/05 15:59,640,2,1,1,47,1,b'\x1f\x0c',1,"[47, 51, 54]",0.0,0.0,0.0,1.0,0.0,0.0,1.0,,,,,,,,,,,,,,,,,,,,,,
637,2022/07/05 15:59,641,3,1,1,54,1,b'Lg',1,[54],,,,,,,,,,,,,,,,,,,,,,,,,,,,,
638,2022/07/05 15:59,642,4,1,1,54,1,b'\xa5\xb0',1,[54],,,,,,,,,,,,,,,,,,,,,,,,,,,,,
639,2022/07/05 16:00,643,3,1,1,52,1,b'\x9aH',1,"[52, 56]",0.0,0.0,0.0,1.0,,,,,,,,,,,,,,,,,,,,,,,,,
640,2022/07/05 16:01,644,2,1,1,48,1,b'\x1c\xd7',1,"[48, 53]",0.0,0.0,0.0,0.0,1.0,,,,,,,,,,,,,,,,,,,,,,,,
641,2022/07/05 16:01,645,3,1,1,37,1,b'\x81\xb0',1,[37],,,,,,,,,,,,,,,,,,,,,,,,,,,,,
642,2022/07/05 16:02,646,2,1,1,46,1,b'K\xe2',1,"[46, 53]",0.0,0.0,0.0,0.0,0.0,0.0,1.0,,,,,,,,,,,,,,,,,,,,,,
643,2022/07/05 16:03,647,2,1,1,54,1,b'#\xcc',1,[54],,,,,,,,,,,,,,,,,,,,,,,,,,,,,
644,2022/07/05 16:03,648,3,1,1,51,1,b'&\xdf',1,[51],,,,,,,,,,,,,,,,,,,,,,,,,,,,,
645,2022/07/05 16:04,649,2,1,1,49,1,b'w\x1e',1,[49],,,,,,,,,,,,,,,,,,,,,,,,,,,,,
646,2022/07/05 16:04,650,3,1,1,56,1,b'\xe0\xe2',1,[56],,,,,,,,,,,,,,,,,,,,,,,,,,,,,
647,2022/07/05 16:05,651,2,1,1,42,1,b'\xe5\xba',1,"[42, 43, 50]",1.0,0.0,0.0,0.0,0.0,0.0,0.0,1.0,,,,,,,,,,,,,,,,,,,,,
648,2022/07/05 16:05,652,3,1,1,50,1,b'\xe0O',1,[50],,,,,,,,,,,,,,,,,,,,,,,,,,,,,
649,2022/07/05 16:06,653,3,1,1,42,1,b' %',1,"[42, 52]",0.0,0.0,0.0,0.0,0.0,0.0,0.0,0.0,0.0,1.0,,,,,,,,,,,,,,,,,,,
650,2022/07/05 16:07,654,2,1,1,51,1,b'EC',1,[51],,,,,,,,,,,,,,,,,,,,,,,,,,,,,
651,2022/07/05 16:08,655,2,1,1,51,1,b'\x1e_',1,"[51, 59]",0.0,0.0,0.0,0.0,0.0,0.0,0.0,1.0,,,,,,,,,,,,,,,,,,,,,
652,2022/07/05 16:08,656,3,1,1,49,1,b'\x8b`',1,"[49, 55]",0.0,0.0,0.0,0.0,0.0,1.0,,,,,,,,,,,,,,,,,,,,,,,
653,2022/07/05 16:09,657,2,1,1,32,1,b'\xf3=',1,[32],,,,,,,,,,,,,,,,,,,,,,,,,,,,,
654,2022/07/05 16:09,658,3,1,1,48,1,b'\xaak',1,"[48, 52, 53]",0.0,0.0,0.0,1.0,1.0,,,,,,,,,,,,,,,,,,,,,,,,
655,2022/07/05 16:10,659,2,1,1,50,1,b'\x12\x05',1,[50],,,,,,,,,,,,,,,,,,,,,,,,,,,,,
656,2022/07/05 16:10,660,3,1,1,46,1,b'\x11|',1,[46],,,,,,,,,,,,,,,,,,,,,,,,,,,,,
657,2022/07/05 16:11,661,2,1,1,47,1,b'\x92<',1,[47],,,,,,,,,,,,,,,,,,,,,,,,,,,,,
658,2022/07/05 16:11,662,3,1,1,54,1,b'\xa4\x03',1,[54],,,,,,,,,,,,,,,,,,,,,,,,,,,,,
659,2022/07/05 16:12,663,2,1,1,53,1,b'N\xde',1,[53],,,,,,,,,,,,,,,,,,,,,,,,,,,,,
660,2022/07/05 16:13,664,2,1,1,50,1,b'$.',1,"[50, 53]",0.0,0.0,1.0,,,,,,,,,,,,,,,,,,,,,,,,,,
661,2022/07/05 16:14,665,2,1,1,51,1,b'\xb9b',1,[51],,,,,,,,,,,,,,,,,,,,,,,,,,,,,
662,2022/07/05 16:14,666,3,1,1,55,1,b'\xa1\x15',1,[55],,,,,,,,,,,,,,,,,,,,,,,,,,,,,
663,2022/07/05 16:15,667,2,1,1,43,1,b'\x0c\x1d',1,[43],,,,,,,,,,,,,,,,,,,,,,,,,,,,,
664,2022/07/05 16:15,668,3,1,1,45,1,b'\x00{',1,[45],,,,,,,,,,,,,,,,,,,,,,,,,,,,,
665,2022/07/05 16:15,669,3,1,1,21,1,b'\xea\xd6',1,[21],,,,,,,,,,,,,,,,,,,,,,,,,,,,,
666,2022/07/05 16:16,670,3,1,1,54,1,b'9\x05',1,[54],,,,,,,,,,,,,,,,,,,,,,,,,,,,,
667,2022/07/05 16:17,671,1,1,1,30,1,b'\xe4\x9b',1,[30],,,,,,,,,,,,,,,,,,,,,,,,,,,,,
668,2022/07/05 16:17,672,2,1,1,25,1,b'C$',1,"[25, 39, 46]",0.0,0.0,0.0,0.0,0.0,0.0,0.0,0.0,0.0,0.0,0.0,0.0,0.0,1.0,0.0,0.0,0.0,0.0,0.0,0.0,1.0,,,,,,,,
669,2022/07/05 16:18,673,2,1,1,48,1,b'\xbcN',1,"[48, 50, 64]",0.0,1.0,0.0,0.0,0.0,0.0,0.0,0.0,0.0,0.0,0.0,0.0,0.0,0.0,0.0,1.0,,,,,,,,,,,,,
670,2022/07/05 16:18,674,3,1,1,51,1,b'\xaeQ',1,"[51, 53]",0.0,1.0,,,,,,,,,,,,,,,,,,,,,,,,,,,
671,2022/07/05 16:19,675,1,1,1,38,1,b'\x1b;',1,[38],,,,,,,,,,,,,,,,,,,,,,,,,,,,,
672,2022/07/05 16:19,676,3,1,1,63,1,b'!\x84',1,[63],,,,,,,,,,,,,,,,,,,,,,,,,,,,,
673,2022/07/05 16:21,677,3,1,1,49,1,b'l\x00',1,[49],,,,,,,,,,,,,,,,,,,,,,,,,,,,,
674,2022/07/05 16:22,678,1,1,1,39,1,b'\xca\xf3',1,[39],,,,,,,,,,,,,,,,,,,,,,,,,,,,,
675,2022/07/05 16:22,679,2,1,1,37,1,b'\xc2\xec',1,[37],,,,,,,,,,,,,,,,,,,,,,,,,,,,,
676,2022/07/05 16:22,680,3,1,1,46,1,b'\xde\x03',1,"[46, 52, 56, 57]",0.0,0.0,0.0,0.0,0.0,1.0,0.0,0.0,0.0,1.0,1.0,,,,,,,,,,,,,,,,,,
677,2022/07/05 16:23,681,3,1,1,49,1,b'\xc5;',1,"[49, 52, 57]",0.0,0.0,1.0,0.0,0.0,0.0,0.0,1.0,,,,,,,,,,,,,,,,,,,,,
678,2022/07/05 16:24,682,2,1,1,47,1,b'\x0f\x1d',1,[47],,,,,,,,,,,,,,,,,,,,,,,,,,,,,
679,2022/07/05 16:27,683,3,1,1,47,1,b']j',1,"[47, 50, 56]",0.0,0.0,1.0,0.0,0.0,0.0,0.0,0.0,1.0,,,,,,,,,,,,,,,,,,,,
680,2022/07/05 16:28,684,3,1,1,50,1,b'v\x8e',1,"[50, 52, 56]",0.0,1.0,0.0,0.0,0.0,1.0,,,,,,,,,,,,,,,,,,,,,,,
681,2022/07/05 16:30,685,2,1,1,50,1,b'}C',1,[50],,,,,,,,,,,,,,,,,,,,,,,,,,,,,
682,2022/07/05 16:31,686,3,1,1,46,1,b'\xe1_',1,[46],,,,,,,,,,,,,,,,,,,,,,,,,,,,,
683,2022/07/05 16:32,687,2,1,1,47,1,b'\x1a\xcc',1,[47],,,,,,,,,,,,,,,,,,,,,,,,,,,,,
684,2022/07/05 16:32,688,3,1,1,50,1,b'\xeeX',1,[50],,,,,,,,,,,,,,,,,,,,,,,,,,,,,
685,2022/07/05 16:33,689,2,1,1,52,1,b'\xe1\xbb',1,"[52, 55]",0.0,0.0,1.0,,,,,,,,,,,,,,,,,,,,,,,,,,
686,2022/07/05 16:33,690,3,1,1,55,1,b'\xd39',1,"[55, 58]",0.0,0.0,1.0,,,,,,,,,,,,,,,,,,,,,,,,,,
687,2022/07/05 16:34,691,2,1,1,49,1,b'\xb8\xd3',1,"[49, 60]",0.0,0.0,0.0,0.0,0.0,0.0,0.0,0.0,0.0,0.0,1.0,,,,,,,,,,,,,,,,,,
688,2022/07/05 16:34,692,3,1,1,48,1,b'<\xc0',1,"[48, 49, 51, 54]",1.0,0.0,1.0,0.0,0.0,1.0,,,,,,,,,,,,,,,,,,,,,,,
689,2022/07/05 16:35,693,2,1,1,57,1,b'[w',1,[57],,,,,,,,,,,,,,,,,,,,,,,,,,,,,
690,2022/07/05 16:35,694,3,1,1,46,2,b'}\xae',2,"[46, 46, 48]",0.0,1.0,,,,,,,,,,,,,,,,,,,,,,,,,,,
691,2022/07/05 16:36,695,2,1,1,53,1,b'\xbc\x1d',1,[53],,,,,,,,,,,,,,,,,,,,,,,,,,,,,
692,2022/07/05 16:37,696,2,1,1,53,1,b'\xc6\xb2',1,[53],,,,,,,,,,,,,,,,,,,,,,,,,,,,,
693,2022/07/05 16:37,697,3,1,1,51,1,b'Ib',1,[51],,,,,,,,,,,,,,,,,,,,,,,,,,,,,
694,2022/07/05 16:38,698,2,1,1,42,1,b'\x86A',1,"[42, 52]",0.0,0.0,0.0,0.0,0.0,0.0,0.0,0.0,0.0,1.0,,,,,,,,,,,,,,,,,,,
695,2022/07/05 16:38,699,3,1,1,48,1,b'\xdd\xa6',1,"[48, 49, 54]",1.0,0.0,0.0,0.0,0.0,1.0,,,,,,,,,,,,,,,,,,,,,,,
696,2022/07/05 16:39,700,3,1,1,53,1,b'\x8b\x9e',1,[53],,,,,,,,,,,,,,,,,,,,,,,,,,,,,
697,2022/07/05 16:40,701,2,1,1,56,1,b'\xe9\x92',1,[56],,,,,,,,,,,,,,,,,,,,,,,,,,,,,
698,2022/07/05 16:40,702,3,1,1,59,1,b'\xd0\xb2',1,[59],,,,,,,,,,,,,,,,,,,,,,,,,,,,,
699,2022/07/05 16:41,703,2,1,1,48,3,b'M\x1d',3,"[48, 48, 48]",,,,,,,,,,,,,,,,,,,,,,,,,,,,,
700,2022/07/05 16:41,704,3,1,1,49,1,b'\xbf\x1f',1,"[49, 55]",0.0,0.0,0.0,0.0,0.0,1.0,,,,,,,,,,,,,,,,,,,,,,,
701,2022/07/05 16:42,705,3,1,1,50,1,b'EN',1,[50],,,,,,,,,,,,,,,,,,,,,,,,,,,,,
702,2022/07/05 16:43,706,2,1,1,41,1,b'\xf81',1,"[41, 55]",0.0,0.0,0.0,0.0,0.0,0.0,0.0,0.0,0.0,0.0,0.0,0.0,0.0,1.0,,,,,,,,,,,,,,,
703,2022/07/05 16:44,707,2,1,1,50,2,b'\xd6K',2,"[50, 50]",,,,,,,,,,,,,,,,,,,,,,,,,,,,,
704,2022/07/05 16:44,708,3,1,1,49,1,b'\xe5i',1,[49],,,,,,,,,,,,,,,,,,,,,,,,,,,,,
705,2022/07/05 16:45,709,1,1,1,43,1,b'\xbc\x82',1,[43],,,,,,,,,,,,,,,,,,,,,,,,,,,,,
706,2022/07/05 16:45,710,2,1,1,49,1,b'\xfc\xaf',1,[49],,,,,,,,,,,,,,,,,,,,,,,,,,,,,
707,2022/07/05 16:45,711,3,1,1,50,1,b'?-',1,"[50, 54, 58]",0.0,0.0,0.0,1.0,0.0,0.0,0.0,1.0,,,,,,,,,,,,,,,,,,,,,
708,2022/07/05 16:47,712,2,1,1,47,1,b'a\xfd',1,"[47, 51, 52, 59]",0.0,0.0,0.0,1.0,1.0,0.0,0.0,0.0,0.0,0.0,0.0,1.0,,,,,,,,,,,,,,,,,
709,2022/07/05 16:47,713,3,1,1,80,1,b'\x0b\xcc',1,[80],,,,,,,,,,,,,,,,,,,,,,,,,,,,,
710,2022/07/05 16:48,714,2,1,1,42,1,b'\xa8&',1,[42],,,,,,,,,,,,,,,,,,,,,,,,,,,,,
711,2022/07/05 16:48,715,3,1,1,53,1,b'\x96\xc7',1,"[53, 59]",0.0,0.0,0.0,0.0,0.0,1.0,,,,,,,,,,,,,,,,,,,,,,,
712,2022/07/05 16:49,716,3,1,1,50,1,b'\xaa\xee',1,[50],,,,,,,,,,,,,,,,,,,,,,,,,,,,,
713,2022/07/05 16:50,717,3,1,1,48,1,b'\xfbT',1,"[48, 51, 57, 59]",0.0,0.0,1.0,0.0,0.0,0.0,0.0,0.0,1.0,0.0,1.0,,,,,,,,,,,,,,,,,,
714,2022/07/05 16:51,718,2,1,1,52,1,b'.\xb5',1,[52],,,,,,,,,,,,,,,,,,,,,,,,,,,,,
715,2022/07/05 16:51,719,3,1,1,67,1,b'\x8f\xa9',1,[67],,,,,,,,,,,,,,,,,,,,,,,,,,,,,
716,2022/07/05 16:52,720,2,1,1,52,1,b'\xd3\x91',1,[52],,,,,,,,,,,,,,,,,,,,,,,,,,,,,
717,2022/07/05 16:52,721,3,1,1,54,3,b'\xd0\x8a',3,"[54, 54, 54]",,,,,,,,,,,,,,,,,,,,,,,,,,,,,
718,2022/07/05 16:53,722,3,1,1,51,1,b'\xeb\x00',1,[51],,,,,,,,,,,,,,,,,,,,,,,,,,,,,
719,2022/07/05 16:54,723,3,1,1,45,1,b'\xc8\xe3',1,"[45, 50, 60]",0.0,0.0,0.0,0.0,1.0,0.0,0.0,0.0,0.0,0.0,0.0,0.0,0.0,0.0,1.0,,,,,,,,,,,,,,
720,2022/07/05 16:55,724,2,1,1,46,2,b'k\xe2',2,"[46, 46, 51]",0.0,0.0,0.0,0.0,1.0,,,,,,,,,,,,,,,,,,,,,,,,
721,2022/07/05 16:55,725,3,1,1,54,1,b'\x05G',1,[54],,,,,,,,,,,,,,,,,,,,,,,,,,,,,
722,2022/07/05 16:56,726,2,1,1,51,1,b'\xd5\xb7',1,"[51, 52, 54, 63]",1.0,0.0,1.0,0.0,0.0,0.0,0.0,0.0,0.0,0.0,0.0,1.0,,,,,,,,,,,,,,,,,
723,2022/07/05 16:56,727,3,1,1,54,1,b'\x1c\xc5',1,[54],,,,,,,,,,,,,,,,,,,,,,,,,,,,,
724,2022/07/05 16:57,728,2,1,1,47,1,b'\xbb\xc3',1,"[47, 50]",0.0,0.0,1.0,,,,,,,,,,,,,,,,,,,,,,,,,,
725,2022/07/05 16:58,729,2,1,1,43,1,b'\x8a\xe5',1,[43],,,,,,,,,,,,,,,,,,,,,,,,,,,,,
726,2022/07/05 16:59,730,2,1,1,49,1,b'Y-',1,[49],,,,,,,,,,,,,,,,,,,,,,,,,,,,,
727,2022/07/05 16:59,731,3,1,1,43,1,b'`a',1,"[43, 49]",0.0,0.0,0.0,0.0,0.0,1.0,,,,,,,,,,,,,,,,,,,,,,,
728,2022/07/05 17:00,732,2,1,1,51,1,b';\xa5',1,[51],,,,,,,,,,,,,,,,,,,,,,,,,,,,,
729,2022/07/05 17:00,733,3,1,1,46,1,b'\x8e\xeb',1,"[46, 60]",0.0,0.0,0.0,0.0,0.0,0.0,0.0,0.0,0.0,0.0,0.0,0.0,0.0,1.0,,,,,,,,,,,,,,,
730,2022/07/05 17:01,734,3,1,1,42,1,b'\xe0Y',1,[42],,,,,,,,,,,,,,,,,,,,,,,,,,,,,
731,2022/07/05 17:02,735,3,1,1,57,1,b'\x9b\xe7',1,[57],,,,,,,,,,,,,,,,,,,,,,,,,,,,,
732,2022/07/05 17:03,736,2,1,1,45,1,b'\xf0\x8c',1,[45],,,,,,,,,,,,,,,,,,,,,,,,,,,,,
733,2022/07/05 17:03,737,3,1,1,45,1,b'Q\xfd',1,"[45, 49, 52, 55]",0.0,0.0,0.0,1.0,0.0,0.0,1.0,0.0,0.0,1.0,,,,,,,,,,,,,,,,,,,
734,2022/07/05 17:04,738,2,1,1,49,1,b'\xb6%',1,[49],,,,,,,,,,,,,,,,,,,,,,,,,,,,,
735,2022/07/05 17:04,739,3,1,1,50,1,b'\x83\xae',1,"[50, 51, 53, 61]",1.0,0.0,1.0,0.0,0.0,0.0,0.0,0.0,0.0,0.0,1.0,,,,,,,,,,,,,,,,,,
736,2022/07/05 17:05,740,2,1,1,56,1,b'{\xad',1,[56],,,,,,,,,,,,,,,,,,,,,,,,,,,,,
737,2022/07/05 17:05,741,3,1,1,49,1,b'bR',1,"[49, 54]",0.0,0.0,0.0,0.0,1.0,,,,,,,,,,,,,,,,,,,,,,,,
738,2022/07/05 17:07,742,2,1,1,47,1,b'0\xb6',1,[47],,,,,,,,,,,,,,,,,,,,,,,,,,,,,
739,2022/07/05 17:07,743,3,1,1,51,1,b'\xc1&',1,"[51, 54]",0.0,0.0,1.0,,,,,,,,,,,,,,,,,,,,,,,,,,
740,2022/07/05 17:08,744,2,1,1,35,1,b'\xbb\xdb',1,[35],,,,,,,,,,,,,,,,,,,,,,,,,,,,,
741,2022/07/05 17:08,745,3,1,1,45,1,b'\xe8U',1,"[45, 52]",0.0,0.0,0.0,0.0,0.0,0.0,1.0,,,,,,,,,,,,,,,,,,,,,,
742,2022/07/05 17:10,746,3,1,1,50,1,b'Cu',1,"[50, 52]",0.0,1.0,,,,,,,,,,,,,,,,,,,,,,,,,,,
743,2022/07/05 17:11,747,2,1,1,43,1,b'Er',1,[43],,,,,,,,,,,,,,,,,,,,,,,,,,,,,
744,2022/07/05 17:11,748,3,1,1,50,1,b'\x11e',1,[50],,,,,,,,,,,,,,,,,,,,,,,,,,,,,
745,2022/07/05 17:12,749,3,1,1,46,1,b'vV',1,[46],,,,,,,,,,,,,,,,,,,,,,,,,,,,,
746,2022/07/05 17:13,750,2,1,1,52,1,b'p\x01',1,[52],,,,,,,,,,,,,,,,,,,,,,,,,,,,,
747,2022/07/05 17:13,751,3,1,1,49,1,b'N\x15',1,"[49, 57]",0.0,0.0,0.0,0.0,0.0,0.0,0.0,1.0,,,,,,,,,,,,,,,,,,,,,
748,2022/07/05 17:14,752,2,1,1,52,1,b'h\x1a',1,[52],,,,,,,,,,,,,,,,,,,,,,,,,,,,,
749,2022/07/05 17:14,753,3,1,1,49,1,b'PM',1,"[49, 52]",0.0,0.0,1.0,,,,,,,,,,,,,,,,,,,,,,,,,,
750,2022/07/05 17:15,754,3,1,1,53,1,b'?\xad',1,"[53, 55]",0.0,1.0,,,,,,,,,,,,,,,,,,,,,,,,,,,
751,2022/07/05 17:16,755,3,1,1,49,1,b'\x8aU',1,[49],,,,,,,,,,,,,,,,,,,,,,,,,,,,,
752,2022/07/05 17:17,756,3,1,1,40,1,b'&\x1a',1,[40],,,,,,,,,,,,,,,,,,,,,,,,,,,,,
753,2022/07/05 17:18,757,2,1,1,46,2,b']\xc3',2,"[46, 46, 53]",0.0,0.0,0.0,0.0,0.0,0.0,1.0,,,,,,,,,,,,,,,,,,,,,,
754,2022/07/05 17:18,758,3,1,1,45,1,b'\x1b\x8f',1,"[45, 61]",0.0,0.0,0.0,0.0,0.0,0.0,0.0,0.0,0.0,0.0,0.0,0.0,0.0,0.0,0.0,1.0,,,,,,,,,,,,,
755,2022/07/05 17:19,759,3,1,1,49,1,b'\xef\xab',1,[49],,,,,,,,,,,,,,,,,,,,,,,,,,,,,
756,2022/07/05 17:20,760,3,1,1,43,1,b'\x84\xe1',1,"[43, 55, 56]",0.0,0.0,0.0,0.0,0.0,0.0,0.0,0.0,0.0,0.0,0.0,1.0,1.0,,,,,,,,,,,,,,,,
757,2022/07/05 17:21,761,3,1,1,49,1,b'gc',1,[49],,,,,,,,,,,,,,,,,,,,,,,,,,,,,
758,2022/07/05 17:22,762,2,1,1,39,1,b'\xaf8',1,[39],,,,,,,,,,,,,,,,,,,,,,,,,,,,,
759,2022/07/05 17:22,763,3,1,1,46,1,b'\xf2a',1,"[46, 49, 52]",0.0,0.0,1.0,0.0,0.0,1.0,,,,,,,,,,,,,,,,,,,,,,,
760,2022/07/05 17:23,764,3,1,1,50,1,b'\xd1\x82',1,"[50, 52, 52, 57, 62]",0.0,2.0,0.0,0.0,0.0,0.0,1.0,0.0,0.0,0.0,0.0,1.0,,,,,,,,,,,,,,,,,
761,2022/07/05 17:24,765,2,1,1,49,1,b'\r\xa5',1,"[49, 54]",0.0,0.0,0.0,0.0,1.0,,,,,,,,,,,,,,,,,,,,,,,,
762,2022/07/05 17:24,766,3,1,1,49,1,b'\\~',1,"[49, 57]",0.0,0.0,0.0,0.0,0.0,0.0,0.0,1.0,,,,,,,,,,,,,,,,,,,,,
763,2022/07/05 17:25,767,3,1,1,56,1,b'x\xe6',1,[56],,,,,,,,,,,,,,,,,,,,,,,,,,,,,
764,2022/07/05 17:26,768,2,1,1,49,1,b'\xfa\xa4',1,[49],,,,,,,,,,,,,,,,,,,,,,,,,,,,,
765,2022/07/05 17:26,769,3,1,1,58,1,b'*u',1,[58],,,,,,,,,,,,,,,,,,,,,,,,,,,,,
766,2022/07/05 17:27,770,3,1,1,51,1,b'\x01B',1,"[51, 54]",0.0,0.0,1.0,,,,,,,,,,,,,,,,,,,,,,,,,,
767,2022/07/05 17:28,771,2,1,1,45,1,b'Q\xce',1,[45],,,,,,,,,,,,,,,,,,,,,,,,,,,,,
768,2022/07/05 17:28,772,3,1,1,49,1,b'u\x05',1,"[49, 52]",0.0,0.0,1.0,,,,,,,,,,,,,,,,,,,,,,,,,,
769,2022/07/05 17:28,773,4,1,1,49,1,b'Z\xfe',1,[49],,,,,,,,,,,,,,,,,,,,,,,,,,,,,
770,2022/07/05 17:29,774,3,1,1,46,1,b'zh',1,"[46, 49]",0.0,0.0,1.0,,,,,,,,,,,,,,,,,,,,,,,,,,
771,2022/07/05 17:31,775,3,1,1,53,1,b'\xf8\xd5',1,"[53, 54, 60]",1.0,0.0,0.0,0.0,0.0,0.0,1.0,,,,,,,,,,,,,,,,,,,,,,
772,2022/07/05 17:32,776,3,1,1,48,2,b'\xa5\xb1',2,"[48, 48]",,,,,,,,,,,,,,,,,,,,,,,,,,,,,
773,2022/07/05 17:33,777,3,1,1,44,1,b'\xdb\xb3',1,"[44, 50]",0.0,0.0,0.0,0.0,0.0,1.0,,,,,,,,,,,,,,,,,,,,,,,
774,2022/07/05 17:34,778,3,1,1,46,1,b'|\\',1,"[46, 50, 51, 59]",0.0,0.0,0.0,1.0,1.0,0.0,0.0,0.0,0.0,0.0,0.0,0.0,1.0,,,,,,,,,,,,,,,,
775,2022/07/05 17:35,779,3,1,1,41,1,b')\xed',1,[41],,,,,,,,,,,,,,,,,,,,,,,,,,,,,
776,2022/07/05 17:36,780,3,1,1,56,2,b'\xfaC',2,"[56, 56]",,,,,,,,,,,,,,,,,,,,,,,,,,,,,
777,2022/07/05 17:37,781,3,1,1,50,1,b'\xd1v',1,[50],,,,,,,,,,,,,,,,,,,,,,,,,,,,,
778,2022/07/05 17:38,782,3,1,1,50,1,b'2{',1,"[50, 54]",0.0,0.0,0.0,1.0,,,,,,,,,,,,,,,,,,,,,,,,,
779,2022/07/05 17:39,783,3,1,1,51,1,b'\x84q',1,"[51, 52]",1.0,,,,,,,,,,,,,,,,,,,,,,,,,,,,
780,2022/07/05 17:40,784,3,1,1,54,1,b'\x18\x8a',1,"[54, 55]",1.0,,,,,,,,,,,,,,,,,,,,,,,,,,,,
781,2022/07/05 17:41,785,3,1,1,56,1,b'~3',1,[56],,,,,,,,,,,,,,,,,,,,,,,,,,,,,
782,2022/07/05 17:42,786,3,1,1,62,1,b'\xc24',1,[62],,,,,,,,,,,,,,,,,,,,,,,,,,,,,
783,2022/07/05 17:43,787,2,1,1,51,1,b'u\xe3',1,[51],,,,,,,,,,,,,,,,,,,,,,,,,,,,,
784,2022/07/05 17:43,788,3,1,1,51,1,b'\xe3\xce',1,[51],,,,,,,,,,,,,,,,,,,,,,,,,,,,,
785,2022/07/05 17:44,789,3,1,1,42,1,"b',h'",1,"[42, 52, 54]",0.0,0.0,0.0,0.0,0.0,0.0,0.0,0.0,0.0,1.0,0.0,1.0,,,,,,,,,,,,,,,,,
786,2022/07/05 17:45,790,2,1,1,48,1,b'\xd5\xc4',1,[48],,,,,,,,,,,,,,,,,,,,,,,,,,,,,
787,2022/07/05 17:45,791,3,1,1,49,1,b'\xab\xc9',1,[49],,,,,,,,,,,,,,,,,,,,,,,,,,,,,
788,2022/07/05 17:46,792,2,1,1,46,2,b'\xce9',2,"[46, 46]",,,,,,,,,,,,,,,,,,,,,,,,,,,,,
789,2022/07/05 17:46,793,3,1,1,45,1,"b""\xae'""",1,[45],,,,,,,,,,,,,,,,,,,,,,,,,,,,,
790,2022/07/05 17:47,794,3,1,1,55,1,b'\xb0\x03',1,"[55, 61]",0.0,0.0,0.0,0.0,0.0,1.0,,,,,,,,,,,,,,,,,,,,,,,
791,2022/07/05 17:48,795,2,1,1,41,1,b'\xe7\xfa',1,[41],,,,,,,,,,,,,,,,,,,,,,,,,,,,,
792,2022/07/05 17:48,796,3,1,1,53,1,b'\xe4\x83',1,[53],,,,,,,,,,,,,,,,,,,,,,,,,,,,,
793,2022/07/05 17:50,797,2,1,1,46,1,b'^\x10',1,"[46, 50]",0.0,0.0,0.0,1.0,,,,,,,,,,,,,,,,,,,,,,,,,
794,2022/07/05 17:50,798,3,1,1,50,1,b'\x0e[',1,[50],,,,,,,,,,,,,,,,,,,,,,,,,,,,,
795,2022/07/05 17:51,799,2,1,1,49,1,"b'\xfb""'",1,[49],,,,,,,,,,,,,,,,,,,,,,,,,,,,,
796,2022/07/05 17:51,800,3,1,1,47,1,b'\x07\xcd',1,"[47, 48]",1.0,,,,,,,,,,,,,,,,,,,,,,,,,,,,
797,2022/07/05 17:52,801,3,1,1,48,1,b'\xda\x8a',1,"[48, 51, 51, 66]",0.0,0.0,2.0,0.0,0.0,0.0,0.0,0.0,0.0,0.0,0.0,0.0,0.0,0.0,0.0,0.0,0.0,1.0,,,,,,,,,,,
798,2022/07/05 17:53,802,3,1,1,44,1,b' M',1,[44],,,,,,,,,,,,,,,,,,,,,,,,,,,,,
799,2022/07/05 17:54,803,2,1,1,50,1,b'\x01\xe7',1,[50],,,,,,,,,,,,,,,,,,,,,,,,,,,,,
800,2022/07/05 17:54,804,3,1,1,47,1,b'\xb9\x82',1,[47],,,,,,,,,,,,,,,,,,,,,,,,,,,,,
801,2022/07/05 17:55,805,3,1,1,52,1,b'\xa5\xe1',1,"[52, 53, 55, 66]",1.0,0.0,1.0,0.0,0.0,0.0,0.0,0.0,0.0,0.0,0.0,0.0,0.0,1.0,,,,,,,,,,,,,,,
802,2022/07/05 17:56,806,3,1,1,52,1,b'\xf0\xd9',1,"[52, 56, 59]",0.0,0.0,0.0,1.0,0.0,0.0,1.0,,,,,,,,,,,,,,,,,,,,,,
803,2022/07/05 17:57,807,2,1,1,38,1,b'\x06\xe8',1,[38],,,,,,,,,,,,,,,,,,,,,,,,,,,,,
804,2022/07/05 17:57,808,3,1,1,51,3,b'\x12\x0b',3,"[51, 51, 51]",,,,,,,,,,,,,,,,,,,,,,,,,,,,,
805,2022/07/05 17:58,809,3,1,1,41,1,b'\xba\x7f',1,[41],,,,,,,,,,,,,,,,,,,,,,,,,,,,,
806,2022/07/05 17:59,810,3,1,1,52,1,b'H\xe0',1,[52],,,,,,,,,,,,,,,,,,,,,,,,,,,,,
807,2022/07/05 18:00,811,3,1,1,43,1,b'\x8c\x7f',1,"[43, 55]",0.0,0.0,0.0,0.0,0.0,0.0,0.0,0.0,0.0,0.0,0.0,1.0,,,,,,,,,,,,,,,,,
808,2022/07/05 18:01,812,3,1,1,47,1,b'c\xf3',1,"[47, 55]",0.0,0.0,0.0,0.0,0.0,0.0,0.0,1.0,,,,,,,,,,,,,,,,,,,,,
809,2022/07/05 18:02,3,3,1,1,49,1,b';\xcb',1,"[49, 52]",0.0,0.0,1.0,,,,,,,,,,,,,,,,,,,,,,,,,,
810,2022/07/05 18:03,4,3,1,1,51,2,b'\xe8\xfc',2,"[51, 51, 53]",0.0,1.0,,,,,,,,,,,,,,,,,,,,,,,,,,,
811,2022/07/05 18:04,5,3,1,1,51,1,b'\t>',1,"[51, 67]",0.0,0.0,0.0,0.0,0.0,0.0,0.0,0.0,0.0,0.0,0.0,0.0,0.0,0.0,0.0,1.0,,,,,,,,,,,,,
812,2022/07/05 18:05,6,3,1,1,50,1,b'\x9eS',1,"[50, 53]",0.0,0.0,1.0,,,,,,,,,,,,,,,,,,,,,,,,,,
813,2022/07/05 18:06,7,3,1,1,46,1,b'\x98\xeb',1,[46],,,,,,,,,,,,,,,,,,,,,,,,,,,,,
814,2022/07/05 18:07,8,2,1,1,53,1,b'\x83\xd8',1,[53],,,,,,,,,,,,,,,,,,,,,,,,,,,,,
815,2022/07/05 18:07,9,3,1,1,50,1,b'g\x9e',1,[50],,,,,,,,,,,,,,,,,,,,,,,,,,,,,
816,2022/07/05 18:08,10,3,1,1,48,1,b'\xc8\x0b',1,"[48, 50, 57]",0.0,1.0,0.0,0.0,0.0,0.0,0.0,0.0,1.0,,,,,,,,,,,,,,,,,,,,
817,2022/07/05 18:09,11,3,1,1,45,1,b'\nG',1,"[45, 46, 51]",1.0,0.0,0.0,0.0,0.0,1.0,,,,,,,,,,,,,,,,,,,,,,,
